employee_id ,attrition,environment_satisfaction,job_involvement,job_level,job_satisfaction,num_companies_worked,over_18,overTime,performance_rating,relationship_satisfaction,standard_hours,total_working_years,training_time_last_year,work_life_balance,years_at_company,years_in_current_role,years_since_last_promotion,years_with_currmanager
1,Yes,2,3,2,4,8,Y,Yes,3,1,80,8,0,1,6,4,0,5
2,No,3,2,2,2,1,Y,No,4,4,80,10,3,3,10,7,1,7
4,Yes,4,2,1,3,6,Y,Yes,3,2,80,7,3,3,0,0,0,0
5,No,4,3,1,3,1,Y,Yes,3,3,80,8,3,3,8,7,3,0
7,No,1,3,1,2,9,Y,No,3,4,80,6,3,3,2,2,2,2
8,No,4,3,1,4,0,Y,No,3,3,80,8,2,2,7,7,3,6
10,No,3,4,1,1,4,Y,Yes,4,1,80,12,3,2,1,0,0,0
11,No,4,3,1,3,1,Y,No,4,2,80,1,2,3,1,0,0,0
12,No,4,2,3,3,0,Y,No,4,2,80,10,2,3,9,7,1,8
13,No,3,3,2,3,6,Y,No,3,2,80,17,3,2,7,7,7,7
14,No,1,4,1,2,0,Y,No,3,3,80,6,5,3,5,4,0,3
15,No,4,2,2,3,0,Y,Yes,3,4,80,10,3,3,9,5,0,8
16,No,1,3,1,3,1,Y,No,3,4,80,5,1,2,5,2,4,3
18,No,2,3,1,4,0,Y,No,3,3,80,3,2,3,2,2,1,2
19,Yes,3,2,1,3,5,Y,Yes,3,2,80,6,4,3,4,2,0,3
20,No,2,4,3,1,1,Y,No,3,3,80,10,1,3,10,9,8,8
21,No,1,4,1,2,0,Y,Yes,3,4,80,7,5,2,6,2,0,5
22,No,4,4,1,4,1,Y,Yes,3,2,80,1,2,2,1,0,0,0
23,No,1,2,4,4,2,Y,No,3,3,80,31,3,3,25,8,3,7
24,No,4,3,1,4,5,Y,Yes,3,3,80,6,3,3,3,2,1,2
26,No,1,4,2,3,0,Y,No,3,4,80,5,5,2,4,2,1,3
27,Yes,3,2,1,1,7,Y,No,4,2,80,10,4,3,5,3,0,3
28,No,1,3,3,2,0,Y,No,3,3,80,13,4,3,12,6,2,11
30,No,3,3,1,4,1,Y,No,3,4,80,0,6,3,0,0,0,0
31,Yes,2,3,1,1,2,Y,No,3,3,80,8,2,3,4,2,1,3
32,No,3,3,5,3,4,Y,No,3,4,80,26,3,2,14,13,4,8
33,Yes,2,1,1,1,1,Y,Yes,4,2,80,10,5,3,10,2,6,7
35,No,3,3,2,2,0,Y,No,3,4,80,10,2,3,9,7,4,2
36,No,1,2,3,4,3,Y,No,3,4,80,24,4,3,22,6,5,17
38,No,2,3,5,1,3,Y,No,3,4,80,22,2,2,2,2,2,1
39,No,3,3,1,4,4,Y,No,3,4,80,7,3,3,1,1,0,0
40,No,4,3,2,4,2,Y,Yes,3,4,80,9,5,4,4,2,1,3
41,No,4,2,1,3,1,Y,No,3,1,80,10,5,3,10,0,1,8
42,Yes,4,3,2,4,3,Y,No,3,3,80,19,6,4,1,0,0,0
45,Yes,2,3,1,4,2,Y,Yes,3,1,80,6,2,2,2,0,2,0
46,No,4,4,1,3,1,Y,No,3,4,80,6,3,2,5,3,1,4
47,Yes,1,2,1,3,1,Y,Yes,3,3,80,3,2,3,3,2,0,2
49,No,4,3,1,4,1,Y,No,3,1,80,2,3,3,2,2,2,2
51,No,2,2,1,1,9,Y,Yes,3,4,80,6,3,4,1,1,0,0
52,No,3,4,2,1,2,Y,No,3,1,80,10,3,3,5,3,1,3
53,No,3,3,1,4,1,Y,No,3,3,80,1,3,3,1,0,0,0
54,No,4,3,1,1,1,Y,No,3,4,80,1,6,3,1,0,0,0
55,Yes,1,1,1,3,1,Y,No,3,3,80,1,2,2,1,0,0,1
56,No,4,3,3,3,1,Y,No,3,4,80,9,0,3,9,8,1,7
57,No,3,3,2,4,1,Y,No,4,4,80,12,2,3,12,8,3,7
58,Yes,2,3,5,3,1,Y,No,3,4,80,23,0,3,22,15,15,8
60,No,2,3,2,3,0,Y,No,4,3,80,10,2,3,9,5,8,7
61,No,2,3,1,2,4,Y,No,4,1,80,8,1,3,1,0,0,0
62,No,1,3,2,4,4,Y,Yes,4,3,80,14,4,3,9,6,0,8
63,No,4,4,1,4,1,Y,No,3,4,80,1,2,3,1,0,0,1
64,Yes,1,2,3,3,9,Y,Yes,3,4,80,23,2,3,1,0,0,0
65,Yes,3,3,1,3,1,Y,Yes,3,3,80,2,3,2,2,2,2,2
68,No,2,3,2,1,5,Y,Yes,4,3,80,9,2,2,4,3,1,3
70,No,3,2,3,1,2,Y,Yes,3,3,80,10,3,3,4,0,2,3
72,No,3,2,2,4,7,Y,Yes,3,3,80,5,2,2,2,2,0,0
73,No,1,3,3,4,1,Y,Yes,3,3,80,15,1,3,15,14,8,12
74,No,2,3,3,1,1,Y,No,4,4,80,9,3,2,9,8,1,8
75,No,3,3,1,1,3,Y,Yes,3,3,80,4,3,3,2,2,2,2
76,No,4,3,2,4,3,Y,No,4,4,80,10,3,2,7,7,1,7
77,No,1,2,2,3,1,Y,No,3,3,80,7,2,4,7,5,0,7
78,No,1,3,2,4,1,Y,Yes,4,2,80,9,3,3,9,8,7,8
79,No,4,3,2,4,1,Y,No,3,4,80,10,2,3,10,3,9,9
80,No,2,2,5,3,5,Y,Yes,3,4,80,29,2,2,27,3,13,8
81,No,1,3,3,1,7,Y,No,3,4,80,28,3,2,21,16,7,9
83,No,3,3,3,3,1,Y,No,3,2,80,17,2,3,17,14,12,8
84,No,4,3,4,3,2,Y,Yes,3,3,80,21,2,3,5,0,0,2
85,No,2,2,2,2,1,Y,No,3,3,80,6,3,3,6,5,0,3
86,No,2,3,3,1,2,Y,No,3,3,80,25,2,3,1,0,0,0
88,No,2,3,1,1,4,Y,No,3,4,80,5,2,2,3,2,1,2
90,Yes,4,2,1,3,0,Y,Yes,3,1,80,2,0,2,1,0,0,0
91,No,1,2,2,3,7,Y,No,3,4,80,20,2,2,4,3,1,3
94,No,3,3,1,2,0,Y,No,4,4,80,6,3,3,5,4,0,4
95,No,3,3,1,2,1,Y,No,3,2,80,1,4,3,1,1,1,0
96,No,2,3,2,2,1,Y,No,3,2,80,10,3,3,10,4,0,9
97,No,2,4,1,4,3,Y,No,3,2,80,5,3,3,1,0,0,0
98,No,3,3,2,4,1,Y,No,4,4,80,11,2,3,11,7,1,8
100,No,3,2,2,1,0,Y,No,3,2,80,16,2,3,15,13,2,8
101,No,4,3,3,1,4,Y,Yes,3,2,80,17,3,4,0,0,0,0
102,No,1,3,3,3,4,Y,No,3,1,80,16,3,4,5,2,0,2
103,No,2,3,2,2,8,Y,Yes,4,4,80,16,2,3,4,2,0,2
104,No,4,2,2,4,1,Y,Yes,3,3,80,10,1,2,10,8,3,0
105,No,2,2,1,3,1,Y,No,3,1,80,6,3,3,6,4,0,4
106,No,1,3,3,4,3,Y,No,3,4,80,24,4,3,1,0,1,0
107,No,2,1,2,4,7,Y,Yes,3,4,80,17,3,3,13,11,1,9
110,No,1,3,2,2,1,Y,No,3,3,80,5,2,3,5,2,1,3
112,No,4,1,3,4,4,Y,No,3,1,80,37,3,2,6,4,0,2
113,No,3,3,1,1,3,Y,No,3,3,80,3,3,3,0,0,0,0
116,No,4,3,1,4,3,Y,No,4,2,80,10,4,3,4,2,0,3
117,No,3,2,2,4,1,Y,No,3,1,80,11,3,3,11,10,10,8
118,Yes,3,2,3,4,1,Y,No,3,4,80,9,3,3,9,8,4,7
119,No,3,2,4,2,1,Y,No,4,4,80,22,3,2,22,3,11,11
120,No,3,3,2,4,0,Y,Yes,4,4,80,11,2,1,10,7,1,0
121,No,3,2,2,2,1,Y,Yes,3,2,80,11,4,2,11,8,2,7
124,No,3,2,3,1,2,Y,Yes,3,3,80,21,5,2,10,9,9,5
125,No,2,3,2,3,1,Y,No,3,1,80,12,0,3,11,8,5,7
126,No,1,3,3,3,9,Y,No,3,1,80,16,5,1,4,3,0,3
128,No,1,3,2,3,0,Y,No,4,1,80,4,2,2,3,2,0,2
129,No,2,3,2,3,1,Y,No,3,2,80,5,3,4,5,4,0,4
131,No,4,3,4,3,0,Y,No,3,3,80,38,1,2,37,10,1,8
132,No,2,3,2,2,4,Y,No,3,3,80,17,3,4,3,2,1,2
133,Yes,3,3,1,1,4,Y,Yes,4,4,80,7,3,3,3,2,0,2
134,No,4,3,1,1,1,Y,No,3,4,80,1,2,3,1,0,0,0
137,Yes,4,2,1,4,1,Y,Yes,3,2,80,1,5,3,1,0,1,0
138,No,1,3,2,3,1,Y,No,3,3,80,16,3,3,16,13,2,10
139,No,3,2,2,4,5,Y,No,3,4,80,17,2,4,1,0,0,0
140,No,3,2,5,4,9,Y,No,4,4,80,30,3,3,3,2,2,2
141,No,1,3,5,2,3,Y,Yes,3,1,80,28,1,2,8,3,0,7
142,Yes,3,2,2,3,1,Y,Yes,3,4,80,6,1,3,6,4,0,3
143,No,4,2,1,4,1,Y,No,3,3,80,2,2,3,2,2,2,1
144,No,2,3,1,4,1,Y,No,3,3,80,1,5,3,0,0,0,0
145,No,1,2,3,1,3,Y,No,4,3,80,23,1,2,13,12,12,8
147,Yes,1,1,2,3,1,Y,Yes,4,4,80,9,3,3,9,7,0,6
148,No,4,4,4,4,2,Y,Yes,3,3,80,23,3,3,5,3,4,4
150,No,2,3,1,3,0,Y,No,3,3,80,6,2,3,5,3,1,2
151,No,3,2,2,2,6,Y,No,3,3,80,12,3,3,1,0,0,0
152,No,3,3,3,4,2,Y,No,3,1,80,12,3,3,5,3,1,3
153,No,3,2,3,1,2,Y,No,3,4,80,14,6,3,11,10,5,8
154,No,2,3,3,4,0,Y,No,3,3,80,10,6,3,9,7,2,8
155,No,1,3,1,4,5,Y,No,4,1,80,7,2,3,1,0,0,0
158,No,3,3,4,4,1,Y,Yes,3,4,80,25,3,4,25,12,4,12
159,No,1,1,1,3,1,Y,No,4,3,80,10,2,2,10,7,0,9
160,No,3,3,2,2,0,Y,No,3,1,80,8,2,4,7,7,0,7
161,Yes,2,3,1,2,9,Y,Yes,3,1,80,7,2,3,5,4,4,3
162,No,1,3,5,3,7,Y,No,3,3,80,23,5,3,20,18,15,15
163,Yes,2,1,2,3,4,Y,Yes,3,2,80,12,3,2,7,7,7,7
164,No,3,2,1,2,1,Y,No,3,3,80,5,3,2,5,4,4,3
165,Yes,4,3,3,4,1,Y,No,3,4,80,40,3,2,40,10,15,6
167,Yes,4,3,1,3,1,Y,Yes,3,4,80,0,2,2,0,0,0,0
169,No,3,3,1,4,0,Y,No,3,3,80,3,2,3,2,1,2,1
170,No,3,3,2,1,1,Y,No,3,3,80,16,2,2,15,11,5,11
171,No,2,4,1,3,4,Y,No,3,4,80,18,2,3,3,2,1,2
174,No,3,3,3,4,4,Y,No,3,4,80,16,3,3,2,2,2,1
175,Yes,2,1,2,3,3,Y,Yes,3,3,80,4,2,3,2,2,2,2
176,No,3,3,3,3,3,Y,Yes,3,3,80,12,2,3,9,7,0,7
177,No,3,3,1,3,1,Y,No,4,4,80,8,3,3,8,7,5,7
178,No,2,3,2,2,6,Y,No,4,4,80,7,0,3,3,2,0,1
179,Yes,1,1,3,4,2,Y,No,3,4,80,18,2,3,4,2,0,3
182,No,4,2,2,3,4,Y,No,3,3,80,17,1,4,15,11,5,9
183,No,1,2,2,3,2,Y,No,3,4,80,6,3,3,2,2,2,2
184,No,3,3,2,4,0,Y,Yes,3,4,80,12,2,1,11,9,4,7
190,Yes,1,3,1,1,7,Y,No,4,1,80,10,2,4,5,4,0,4
192,No,3,3,1,4,5,Y,No,3,2,80,9,2,2,6,5,0,3
193,No,4,3,2,3,3,Y,Yes,4,2,80,19,2,3,3,2,2,2
194,No,1,3,1,3,1,Y,No,3,3,80,5,4,2,5,4,0,4
195,No,4,1,2,4,0,Y,No,3,4,80,9,2,4,8,7,0,7
197,No,4,3,1,1,5,Y,No,3,4,80,8,3,3,3,2,2,2
198,No,2,2,1,4,0,Y,No,3,4,80,6,3,3,5,3,1,2
199,No,4,2,4,1,4,Y,No,3,2,80,21,2,2,7,6,7,7
200,No,3,3,1,1,2,Y,No,4,4,80,7,2,3,5,0,1,4
201,No,2,3,1,2,1,Y,No,3,4,80,1,3,3,1,0,0,0
202,No,2,3,2,2,1,Y,No,3,1,80,20,2,3,20,7,2,13
204,No,3,3,3,2,1,Y,No,3,1,80,10,3,3,10,8,0,6
205,No,2,3,2,3,2,Y,Yes,4,4,80,13,3,1,7,7,4,5
206,No,2,3,2,2,8,Y,No,3,3,80,20,2,1,17,9,0,15
207,No,2,3,3,4,1,Y,No,3,4,80,9,2,3,9,8,3,7
208,No,4,3,2,3,1,Y,No,3,1,80,10,1,3,10,7,0,9
211,No,2,2,2,3,2,Y,No,3,3,80,10,2,3,1,0,0,0
214,No,2,2,1,2,4,Y,Yes,4,2,80,9,3,2,1,0,0,0
215,No,3,2,3,4,7,Y,No,3,1,80,15,2,2,12,11,2,11
216,No,3,3,1,3,6,Y,No,3,4,80,6,3,3,4,3,1,2
217,No,3,3,1,4,1,Y,No,4,1,80,2,6,3,2,2,2,2
218,No,4,3,1,2,6,Y,No,3,4,80,6,1,1,2,2,2,2
221,No,3,3,1,4,1,Y,No,3,3,80,5,2,1,5,2,0,2
223,No,3,4,3,4,3,Y,Yes,3,2,80,12,2,1,5,3,1,4
224,No,3,2,1,3,1,Y,Yes,3,4,80,1,2,2,1,1,0,1
226,No,3,3,5,2,3,Y,No,3,2,80,21,5,3,5,4,4,4
227,No,1,3,1,3,4,Y,No,3,1,80,13,2,3,9,8,1,8
228,No,2,3,3,4,2,Y,No,3,3,80,12,2,3,10,9,7,4
230,No,1,2,2,4,4,Y,No,4,3,80,12,2,4,8,3,0,7
231,No,3,3,1,3,3,Y,No,4,1,80,8,2,3,5,4,1,4
233,No,3,3,1,2,0,Y,Yes,3,4,80,6,3,2,5,2,1,1
235,Yes,3,1,1,1,0,Y,No,4,1,80,1,5,4,0,0,0,0
238,No,4,3,1,2,4,Y,No,3,3,80,13,3,2,8,7,7,2
239,No,3,3,2,1,1,Y,No,3,3,80,12,4,3,12,9,6,10
240,No,3,3,2,1,4,Y,Yes,3,1,80,9,3,4,5,4,0,3
241,No,3,3,1,1,4,Y,Yes,3,3,80,19,3,3,2,2,2,2
242,No,3,3,1,4,0,Y,No,3,1,80,4,2,4,3,1,0,2
243,Yes,2,2,1,4,1,Y,No,4,3,80,1,3,2,1,0,1,0
244,No,2,3,3,1,1,Y,No,4,3,80,24,2,3,24,13,15,7
245,No,3,3,1,4,1,Y,No,3,3,80,2,3,3,2,2,2,1
246,No,3,3,1,4,8,Y,Yes,4,3,80,7,0,3,4,2,0,2
247,No,4,3,1,2,2,Y,No,3,4,80,9,3,3,3,2,1,2
248,Yes,2,3,1,2,1,Y,Yes,4,4,80,4,5,2,4,3,0,2
249,No,3,2,1,3,2,Y,No,3,4,80,5,2,2,3,2,0,2
250,No,4,4,2,1,1,Y,No,3,3,80,5,3,3,4,2,1,3
252,No,4,3,1,2,1,Y,No,3,4,80,8,5,3,8,7,1,6
253,No,4,3,5,3,1,Y,No,3,2,80,21,2,3,20,8,9,9
254,No,3,4,5,2,8,Y,No,3,4,80,36,3,3,24,15,2,15
256,No,4,2,2,3,1,Y,No,3,3,80,10,2,2,10,9,1,9
258,No,4,3,4,2,3,Y,No,3,3,80,21,6,3,7,7,1,0
259,No,3,2,5,3,0,Y,No,3,1,80,34,5,3,33,18,11,9
260,No,4,3,1,2,1,Y,No,3,4,80,7,2,2,7,7,0,3
261,Yes,2,2,2,3,3,Y,Yes,3,1,80,8,1,3,1,0,0,1
262,No,4,4,1,4,4,Y,No,3,4,80,7,3,4,5,4,2,2
264,No,1,2,4,4,9,Y,No,4,4,80,22,1,3,20,8,11,8
267,No,2,4,1,1,1,Y,Yes,3,1,80,8,3,2,8,7,1,7
269,No,2,3,2,2,5,Y,No,3,4,80,10,5,3,6,2,1,2
270,No,3,3,2,3,2,Y,No,3,2,80,11,5,3,5,3,0,2
271,No,4,3,2,3,9,Y,No,3,2,80,14,3,3,1,0,0,0
273,No,4,3,2,4,3,Y,No,3,1,80,9,3,1,7,7,1,7
274,No,3,2,2,1,5,Y,No,3,3,80,6,1,3,2,2,2,0
275,No,4,3,2,4,1,Y,Yes,3,1,80,7,0,3,7,7,1,7
277,No,4,3,1,3,1,Y,Yes,3,4,80,5,4,4,5,3,2,0
281,No,3,3,2,4,8,Y,Yes,3,3,80,15,2,4,7,2,3,7
282,Yes,2,3,2,1,7,Y,Yes,3,2,80,17,2,3,1,0,0,0
283,Yes,2,3,3,4,1,Y,No,4,4,80,10,3,2,10,4,1,9
284,No,4,4,1,2,1,Y,Yes,3,1,80,4,2,2,4,2,2,2
286,No,2,3,1,4,1,Y,No,3,1,80,8,2,3,8,1,1,7
287,No,4,2,2,4,9,Y,No,3,4,80,5,5,1,3,2,0,2
288,No,4,3,3,1,7,Y,No,3,3,80,17,3,3,4,2,0,3
291,Yes,4,1,3,4,1,Y,No,3,3,80,14,2,2,14,8,9,8
292,No,3,2,3,3,1,Y,No,4,3,80,12,2,3,11,8,5,8
293,No,4,3,2,3,1,Y,No,3,4,80,7,2,3,7,7,0,7
296,No,2,2,3,2,5,Y,No,3,4,80,16,5,1,10,9,4,7
297,Yes,4,3,1,1,5,Y,Yes,3,3,80,8,5,3,5,2,0,4
298,No,4,3,3,4,3,Y,Yes,3,3,80,16,3,3,1,0,0,0
299,Yes,3,2,2,1,5,Y,No,3,3,80,9,5,2,6,3,0,1
300,Yes,3,3,1,3,0,Y,No,3,4,80,7,1,2,6,2,1,5
302,No,4,2,3,4,6,Y,No,3,4,80,23,2,3,19,7,12,8
303,No,4,3,2,1,2,Y,No,3,4,80,16,4,3,6,2,0,5
304,No,4,3,2,2,8,Y,No,3,4,80,16,3,4,13,11,3,7
305,No,3,2,1,2,6,Y,No,4,4,80,7,3,3,3,2,1,1
306,No,2,3,3,4,1,Y,Yes,3,3,80,10,1,3,10,8,0,7
307,No,1,3,3,3,0,Y,No,3,3,80,17,6,2,16,10,5,13
308,No,3,1,2,3,0,Y,No,3,4,80,6,2,3,5,4,1,4
309,No,3,2,1,4,3,Y,No,3,1,80,7,6,3,1,0,0,0
311,No,1,3,1,4,4,Y,No,3,3,80,13,2,3,9,8,5,8
312,No,2,3,3,4,1,Y,No,3,4,80,11,5,3,11,10,4,1
314,No,3,3,3,3,1,Y,No,3,1,80,10,3,4,10,7,0,8
315,Yes,3,2,1,4,1,Y,Yes,3,3,80,4,3,2,4,3,0,1
316,No,3,2,1,4,7,Y,No,3,2,80,6,3,2,2,2,2,2
319,No,3,3,5,4,1,Y,No,3,4,80,22,3,3,22,17,11,15
321,No,2,3,1,3,8,Y,No,3,4,80,7,2,2,2,2,2,2
323,No,4,3,5,4,3,Y,No,3,3,80,32,3,2,7,0,0,6
325,Yes,3,3,1,4,5,Y,Yes,3,3,80,8,2,1,5,4,0,4
327,No,4,3,4,4,5,Y,Yes,4,3,80,22,3,3,17,13,1,9
328,Yes,1,3,1,1,7,Y,No,4,1,80,13,3,4,9,7,1,7
329,No,1,2,5,3,1,Y,Yes,3,4,80,33,2,4,33,7,15,12
330,No,3,3,1,2,2,Y,No,3,1,80,6,5,3,4,3,1,2
331,Yes,4,2,1,3,0,Y,Yes,3,4,80,4,2,1,3,2,1,2
332,No,3,3,1,3,7,Y,No,3,3,80,7,1,3,3,2,1,2
333,No,3,3,2,4,0,Y,No,3,1,80,4,2,3,3,2,2,2
334,No,3,3,2,1,2,Y,No,3,1,80,17,2,2,1,0,0,0
335,No,1,3,2,4,1,Y,No,3,1,80,9,3,3,9,8,4,7
336,No,3,4,5,4,0,Y,No,3,3,80,25,2,3,24,0,1,7
337,No,2,3,3,3,9,Y,No,3,1,80,9,3,3,2,2,2,2
338,No,3,2,1,4,1,Y,No,3,3,80,2,2,2,2,2,0,2
339,No,4,2,2,1,6,Y,No,3,2,80,13,3,3,11,9,5,9
340,No,3,2,1,1,2,Y,No,3,1,80,17,2,2,3,1,0,2
341,No,1,4,2,3,4,Y,No,3,4,80,9,1,3,3,2,0,2
342,Yes,1,3,3,3,6,Y,No,3,2,80,17,5,3,1,0,0,0
343,No,3,3,3,3,0,Y,No,4,4,80,20,1,3,19,6,11,8
346,No,3,3,1,4,1,Y,No,3,1,80,6,1,3,6,5,1,5
347,No,4,4,2,1,3,Y,Yes,3,3,80,10,1,3,3,2,0,2
349,No,4,3,2,4,2,Y,No,3,4,80,10,2,3,3,2,0,2
350,No,1,3,2,3,0,Y,No,3,4,80,5,3,3,4,2,1,2
351,No,4,2,1,1,0,Y,Yes,3,3,80,10,4,3,9,6,7,8
352,No,1,3,5,3,0,Y,No,3,4,80,22,5,3,21,7,3,9
353,No,3,3,1,4,1,Y,No,3,2,80,1,0,2,1,0,0,0
355,Yes,3,2,1,2,0,Y,No,3,2,80,6,2,4,5,4,1,4
359,No,2,4,1,2,1,Y,No,4,3,80,5,3,1,5,1,0,3
361,No,4,2,2,4,3,Y,No,3,4,80,13,0,3,8,7,7,5
362,No,4,2,2,1,4,Y,No,3,4,80,9,5,3,6,2,0,4
363,No,3,1,4,2,3,Y,Yes,3,2,80,28,2,2,7,7,7,7
364,Yes,1,3,1,3,2,Y,No,3,3,80,5,5,1,0,0,0,0
366,No,1,2,2,2,2,Y,No,3,2,80,10,2,3,0,0,0,0
367,No,2,2,2,4,0,Y,No,4,2,80,10,2,3,9,0,7,8
369,No,2,4,2,1,1,Y,No,3,4,80,6,2,3,6,3,1,5
372,No,3,3,4,4,0,Y,Yes,3,2,80,21,2,3,20,7,4,10
373,No,4,3,1,4,0,Y,No,3,3,80,16,4,3,15,13,10,11
374,No,4,3,5,1,0,Y,Yes,3,3,80,37,2,3,36,10,4,13
376,Yes,1,3,3,2,1,Y,Yes,3,4,80,10,2,2,10,7,9,9
377,No,4,3,1,4,1,Y,No,4,4,80,5,3,2,5,2,0,4
378,No,3,3,2,4,4,Y,No,3,2,80,7,5,4,5,4,0,1
379,No,4,2,1,3,1,Y,No,3,1,80,3,4,4,3,2,1,0
380,No,1,3,3,4,2,Y,Yes,3,1,80,15,2,3,5,2,0,2
381,No,2,4,3,2,7,Y,No,3,2,80,10,6,2,7,7,6,2
382,No,1,4,2,1,1,Y,Yes,4,3,80,8,3,3,8,0,7,7
384,No,3,3,2,2,1,Y,No,4,1,80,6,6,1,6,5,1,4
385,No,1,3,5,2,3,Y,No,3,1,80,28,4,2,10,4,1,6
386,No,3,3,4,3,3,Y,Yes,3,4,80,21,5,2,5,3,1,3
387,No,2,3,2,3,1,Y,No,4,3,80,20,3,3,20,16,11,6
388,No,2,3,2,4,1,Y,No,3,1,80,10,3,2,10,7,0,9
389,No,2,3,2,4,3,Y,Yes,3,4,80,12,4,3,10,7,0,8
390,No,1,3,2,1,1,Y,Yes,3,3,80,5,3,3,5,3,3,3
391,No,4,3,1,4,1,Y,No,3,2,80,17,3,3,17,12,5,7
392,Yes,4,3,1,3,3,Y,Yes,4,4,80,19,0,1,1,0,0,0
393,No,4,3,2,4,9,Y,No,3,2,80,10,2,3,2,2,1,2
394,Yes,1,3,1,2,2,Y,Yes,3,4,80,5,2,3,3,2,0,2
395,No,4,3,1,4,1,Y,No,4,4,80,5,3,3,5,3,0,2
396,No,3,3,5,1,9,Y,Yes,3,4,80,22,4,3,3,2,1,2
397,No,3,3,2,2,4,Y,No,3,4,80,10,2,3,8,0,7,7
399,No,4,3,1,2,1,Y,No,3,3,80,2,5,2,2,2,2,2
401,Yes,4,2,2,4,1,Y,Yes,3,2,80,8,0,3,8,7,7,4
403,No,2,3,1,4,1,Y,Yes,3,3,80,4,3,2,4,2,1,2
404,No,3,3,4,2,5,Y,No,3,4,80,23,2,4,20,4,4,8
405,Yes,3,3,1,3,1,Y,No,3,3,80,0,2,3,0,0,0,0
406,No,3,3,3,2,0,Y,No,3,3,80,12,3,2,11,9,6,9
407,No,3,4,1,4,4,Y,No,3,4,80,4,2,3,1,0,0,0
408,No,4,1,2,2,5,Y,No,3,4,80,13,3,3,4,1,1,2
410,No,4,3,4,2,1,Y,No,3,2,80,22,2,3,22,10,0,4
411,No,4,2,1,3,1,Y,No,3,1,80,0,2,3,0,0,0,0
412,No,2,4,2,1,0,Y,No,3,3,80,9,2,3,8,3,0,7
416,No,2,4,2,4,4,Y,No,3,2,80,10,3,2,8,7,7,7
417,No,3,4,3,4,0,Y,No,3,1,80,19,5,2,18,10,3,7
419,No,2,3,2,2,7,Y,No,3,3,80,11,3,3,9,8,0,8
420,No,4,2,2,3,1,Y,No,3,3,80,13,3,2,13,8,4,8
421,No,1,2,3,2,3,Y,No,3,3,80,19,2,3,10,8,0,1
422,No,4,1,2,3,2,Y,Yes,3,4,80,12,2,3,5,3,1,2
423,No,3,3,1,4,0,Y,Yes,3,3,80,6,4,3,5,2,0,3
424,No,1,2,2,1,3,Y,No,3,4,80,9,1,3,2,2,1,0
425,No,1,3,3,1,1,Y,No,3,1,80,24,2,3,24,9,9,11
426,No,3,3,1,4,0,Y,Yes,3,2,80,3,2,1,2,2,2,2
428,No,4,3,3,2,6,Y,No,3,2,80,12,2,3,10,6,8,8
429,No,3,3,4,1,1,Y,Yes,3,4,80,21,3,3,21,9,11,10
430,No,3,3,1,4,0,Y,No,3,1,80,9,5,3,8,7,1,7
431,No,3,2,4,3,7,Y,Yes,3,4,80,25,2,3,7,1,0,7
433,Yes,3,2,2,2,2,Y,No,3,1,80,11,3,2,8,2,7,7
434,No,3,3,1,2,1,Y,Yes,3,2,80,4,2,2,4,3,1,2
436,No,3,2,2,2,1,Y,Yes,3,4,80,13,2,3,13,12,11,9
437,No,4,3,2,3,1,Y,Yes,3,1,80,5,3,3,5,4,0,4
438,No,4,3,2,4,4,Y,No,3,4,80,13,3,3,7,7,1,7
439,No,1,4,2,4,7,Y,No,3,3,80,10,0,2,7,7,0,7
440,Yes,1,1,1,4,5,Y,Yes,3,4,80,5,4,2,3,2,2,2
441,No,4,3,2,4,1,Y,No,3,4,80,11,2,3,10,8,1,9
442,No,3,2,3,3,1,Y,No,4,1,80,10,2,3,10,9,8,9
444,No,3,2,5,4,1,Y,No,3,1,80,21,2,3,21,9,13,3
445,Yes,4,3,2,3,4,Y,Yes,3,1,80,12,3,2,1,0,0,0
446,No,2,2,2,4,3,Y,No,3,3,80,9,6,2,7,7,0,1
447,No,4,3,5,3,4,Y,No,3,2,80,21,2,3,3,2,1,1
448,No,3,2,2,3,1,Y,No,3,2,80,9,3,4,9,7,0,0
449,No,3,3,2,2,0,Y,Yes,3,4,80,6,0,3,5,4,1,4
450,No,4,3,2,3,3,Y,No,3,4,80,20,4,2,4,3,0,3
451,No,3,3,3,1,8,Y,No,3,1,80,10,1,2,1,0,0,0
452,No,4,3,2,4,9,Y,No,3,1,80,12,3,3,10,9,9,8
453,No,2,1,2,4,2,Y,Yes,4,3,80,6,2,2,4,3,0,2
454,Yes,2,1,1,1,1,Y,Yes,3,4,80,7,4,2,7,7,0,7
455,No,2,2,1,4,0,Y,No,3,3,80,4,2,3,3,2,2,2
456,No,4,2,2,3,1,Y,No,3,3,80,10,2,3,10,9,1,2
458,No,2,3,2,2,1,Y,No,3,1,80,8,3,3,8,7,0,7
460,No,4,3,2,4,7,Y,No,3,3,80,8,2,2,6,2,0,4
461,No,3,2,3,4,0,Y,Yes,3,2,80,12,3,3,11,10,2,9
462,No,3,3,3,4,1,Y,Yes,3,3,80,11,2,2,11,9,4,10
463,No,4,2,2,2,1,Y,Yes,3,1,80,7,2,3,7,7,1,7
464,No,3,3,3,2,0,Y,No,3,4,80,17,5,3,16,6,0,13
465,No,3,3,1,4,1,Y,No,3,3,80,4,2,2,4,2,0,2
466,No,4,2,2,2,6,Y,Yes,3,4,80,8,3,3,5,4,1,2
467,No,2,3,2,3,3,Y,No,3,1,80,5,3,3,0,0,0,0
468,No,1,3,4,4,2,Y,No,3,2,80,16,2,3,1,0,0,0
469,No,4,3,2,3,1,Y,No,3,1,80,4,3,2,4,3,0,2
470,No,3,3,1,3,0,Y,Yes,3,3,80,4,5,3,3,2,1,0
471,No,3,3,1,2,1,Y,No,3,3,80,8,4,3,8,0,0,7
473,No,1,3,3,3,3,Y,No,4,2,80,15,3,1,0,0,0,0
474,No,3,4,2,1,4,Y,Yes,3,1,80,13,2,3,7,7,6,7
475,No,4,3,2,3,7,Y,Yes,3,2,80,4,2,4,2,2,2,2
476,No,3,3,2,3,1,Y,No,3,2,80,8,3,3,8,7,7,7
477,No,1,2,2,4,3,Y,No,4,2,80,14,6,3,1,0,0,0
478,Yes,1,2,1,2,1,Y,Yes,3,3,80,3,3,3,3,2,1,2
479,No,4,3,2,4,4,Y,No,3,2,80,7,6,3,1,0,0,0
481,No,1,2,3,4,4,Y,No,3,1,80,16,2,3,13,9,1,12
482,No,4,3,2,3,2,Y,No,3,3,80,15,2,3,3,2,1,2
483,No,4,4,1,3,3,Y,Yes,3,3,80,10,3,3,7,7,1,7
484,No,1,3,1,4,1,Y,No,4,3,80,3,3,2,3,2,2,2
485,Yes,4,3,1,3,1,Y,Yes,3,2,80,1,2,3,1,0,0,0
486,No,3,3,1,1,6,Y,No,4,2,80,17,3,3,5,4,0,3
487,No,3,3,2,3,2,Y,No,3,3,80,7,2,4,1,0,0,0
488,Yes,1,3,2,2,1,Y,No,3,3,80,8,5,3,8,7,7,7
491,No,4,2,3,4,6,Y,No,3,4,80,20,2,3,4,3,1,3
492,Yes,3,2,2,3,2,Y,Yes,3,1,80,8,6,3,6,4,1,0
493,No,3,2,1,2,0,Y,Yes,3,4,80,3,5,3,2,2,2,2
494,Yes,3,4,1,2,1,Y,No,3,4,80,1,0,3,1,0,0,0
495,No,4,3,1,4,9,Y,No,3,4,80,6,4,3,3,2,1,2
496,No,3,2,2,2,9,Y,No,3,3,80,10,5,3,1,1,0,0
497,No,4,3,1,2,1,Y,No,3,2,80,5,2,3,5,2,0,4
498,No,2,3,2,4,1,Y,No,3,4,80,7,1,3,7,5,0,7
499,No,2,2,3,3,8,Y,No,4,3,80,26,2,3,5,2,0,0
500,No,3,3,2,4,4,Y,No,3,3,80,18,2,2,7,7,0,7
501,No,4,3,1,3,4,Y,No,3,2,80,6,3,3,2,2,2,2
502,Yes,1,4,2,4,8,Y,Yes,3,2,80,9,3,2,5,2,0,4
505,No,3,3,4,4,2,Y,Yes,3,3,80,30,2,3,5,4,1,2
507,No,4,3,2,3,1,Y,Yes,3,4,80,5,2,4,5,2,0,3
508,No,3,3,1,2,1,Y,No,3,1,80,1,3,3,1,0,0,0
510,Yes,3,3,1,1,0,Y,No,4,3,80,7,2,3,6,4,0,4
511,No,1,3,1,2,1,Y,No,3,4,80,2,1,3,2,1,1,2
513,No,2,2,3,3,1,Y,No,3,2,80,10,2,3,10,9,9,0
514,Yes,3,3,1,4,9,Y,Yes,4,3,80,3,4,3,1,0,0,0
515,No,4,3,1,1,1,Y,No,3,3,80,18,2,2,18,7,12,17
516,No,4,3,2,2,7,Y,No,3,3,80,8,5,3,5,4,1,3
517,No,2,3,1,1,3,Y,No,3,2,80,8,5,3,5,2,1,2
518,No,3,3,2,2,2,Y,Yes,3,4,80,18,2,2,1,0,0,1
520,No,1,2,4,2,1,Y,No,3,3,80,25,3,3,25,10,3,9
521,No,2,2,2,3,6,Y,No,4,2,80,20,3,3,1,0,0,0
522,No,1,3,5,1,4,Y,No,3,3,80,24,4,2,4,2,1,2
523,No,3,3,2,3,9,Y,No,3,1,80,6,3,3,3,2,1,2
524,No,2,3,2,1,1,Y,No,3,2,80,13,5,1,13,10,3,12
525,No,4,3,1,4,7,Y,No,4,1,80,8,1,3,3,2,1,2
526,No,3,3,2,3,4,Y,Yes,3,4,80,8,3,3,5,2,0,2
527,No,2,2,2,4,1,Y,Yes,3,2,80,5,3,3,5,4,1,3
529,No,2,3,2,3,3,Y,Yes,3,1,80,15,2,3,13,11,10,7
530,No,4,2,1,1,1,Y,No,3,3,80,4,3,3,4,2,3,2
531,No,2,3,5,3,1,Y,Yes,3,3,80,21,3,3,21,8,1,6
532,No,3,4,4,1,9,Y,No,3,4,80,36,0,2,7,7,7,7
533,No,2,3,2,3,0,Y,No,3,2,80,6,6,3,5,4,4,4
534,No,2,4,3,1,1,Y,No,3,3,80,10,2,3,10,7,0,7
536,No,3,3,2,1,1,Y,No,3,4,80,10,2,3,10,0,1,8
538,Yes,1,3,1,1,5,Y,No,3,3,80,6,5,3,2,2,0,2
543,No,4,2,3,3,2,Y,Yes,3,3,80,28,4,3,5,4,0,4
544,No,1,3,1,4,3,Y,No,4,4,80,8,3,2,2,2,0,2
546,No,4,3,4,4,2,Y,No,3,4,80,31,2,1,5,2,1,4
547,No,1,3,2,3,2,Y,No,3,2,80,19,3,3,5,4,0,2
548,No,3,1,2,4,2,Y,No,4,3,80,11,2,3,5,4,0,2
549,No,1,3,5,1,5,Y,No,3,4,80,33,5,1,29,8,11,10
550,No,3,3,2,3,2,Y,No,3,3,80,19,5,2,10,7,0,8
551,No,4,2,2,4,0,Y,No,3,4,80,7,4,4,6,5,0,4
554,Yes,1,3,1,2,1,Y,Yes,3,2,80,6,4,3,5,3,1,4
555,Yes,4,1,1,3,0,Y,No,3,4,80,3,3,2,2,2,1,0
556,No,4,3,1,4,1,Y,Yes,4,3,80,1,3,3,1,0,0,0
558,No,3,3,5,3,0,Y,No,3,4,80,21,2,3,20,15,1,12
560,No,1,3,1,4,1,Y,No,4,2,80,3,3,1,3,2,0,2
562,No,3,3,1,4,4,Y,No,3,3,80,9,3,1,5,3,1,4
564,No,2,2,3,3,1,Y,No,3,3,80,10,2,3,10,2,0,7
565,Yes,3,2,1,2,5,Y,No,3,2,80,6,2,4,2,2,1,1
566,Yes,1,2,1,4,1,Y,No,3,3,80,1,3,4,1,0,0,0
567,No,3,3,3,1,0,Y,No,3,3,80,10,3,3,9,8,7,8
568,No,1,2,4,4,3,Y,No,3,3,80,32,3,2,1,0,0,0
569,No,2,2,4,3,0,Y,No,3,2,80,28,2,3,27,10,15,7
571,No,3,3,1,4,0,Y,No,3,3,80,12,2,2,11,7,6,7
573,No,3,2,3,1,4,Y,No,3,4,80,22,5,4,18,13,13,11
574,No,1,3,2,4,5,Y,No,3,3,80,20,2,3,5,0,0,4
575,No,1,3,4,3,6,Y,No,3,3,80,26,2,1,3,2,0,1
577,No,4,1,1,3,0,Y,No,3,3,80,6,2,3,5,4,4,3
578,No,3,3,2,3,7,Y,No,3,3,80,19,3,3,1,0,0,0
579,No,4,2,1,3,3,Y,No,3,3,80,14,3,3,7,3,5,7
580,No,3,2,3,4,2,Y,Yes,3,3,80,15,3,3,3,2,1,2
581,No,3,3,3,2,1,Y,No,4,4,80,13,6,4,13,8,0,8
582,Yes,2,3,3,3,7,Y,Yes,3,4,80,15,2,4,7,6,7,7
584,Yes,1,1,1,4,7,Y,No,3,1,80,8,2,3,4,3,1,3
585,No,4,3,1,2,0,Y,No,3,1,80,4,3,3,3,2,1,2
586,No,4,3,3,3,4,Y,Yes,3,3,80,10,2,3,8,7,0,0
587,Yes,1,3,3,3,3,Y,No,3,1,80,12,2,3,1,0,0,0
590,Yes,2,3,3,1,9,Y,Yes,3,3,80,11,2,3,3,2,0,2
591,No,2,3,1,3,4,Y,No,3,4,80,8,4,3,2,2,2,0
592,No,2,3,3,4,1,Y,No,3,4,80,10,3,2,10,3,9,7
593,Yes,3,2,1,3,5,Y,No,3,3,80,4,3,3,2,2,1,2
595,No,2,3,2,4,2,Y,No,3,1,80,14,2,3,9,7,6,7
597,No,1,3,4,2,3,Y,No,4,4,80,37,2,3,10,9,7,7
599,No,4,3,2,4,7,Y,No,3,4,80,16,3,3,14,3,1,10
600,No,2,3,2,3,9,Y,No,3,3,80,15,2,3,11,9,6,9
601,No,2,3,4,3,7,Y,No,3,3,80,22,3,3,20,6,5,13
602,No,3,3,1,3,1,Y,No,3,1,80,8,3,3,8,3,0,7
604,No,2,3,2,4,4,Y,Yes,3,3,80,10,2,4,6,5,0,5
605,No,4,3,3,1,1,Y,Yes,4,4,80,10,5,2,10,9,5,8
606,No,4,3,2,2,0,Y,No,3,2,80,9,3,4,8,7,3,7
608,Yes,2,3,1,3,0,Y,Yes,3,2,80,8,2,2,7,7,1,0
611,No,4,3,2,4,4,Y,No,3,2,80,8,2,4,3,2,1,2
612,No,1,4,4,3,4,Y,No,3,3,80,10,2,3,6,1,0,5
613,No,3,2,3,4,9,Y,No,4,3,80,10,3,2,5,4,0,1
614,Yes,2,3,1,2,1,Y,Yes,3,4,80,0,3,3,0,0,0,0
615,No,3,1,3,1,3,Y,No,3,3,80,20,2,3,1,0,0,1
616,No,1,2,2,3,2,Y,Yes,3,1,80,10,3,3,8,7,0,7
618,No,1,3,2,3,5,Y,No,3,1,80,8,5,3,0,0,0,0
620,No,1,3,2,3,1,Y,No,3,4,80,5,3,3,5,4,0,3
621,No,4,4,2,4,1,Y,No,3,4,80,10,3,3,10,7,5,7
622,Yes,3,1,1,4,1,Y,Yes,3,2,80,1,3,1,1,0,0,0
623,No,2,3,3,4,4,Y,No,3,4,80,12,3,4,6,5,1,2
624,No,1,3,3,3,5,Y,No,3,4,80,28,3,2,2,2,1,2
625,No,2,3,4,1,7,Y,No,3,2,80,22,2,3,18,16,11,8
626,No,1,3,3,2,1,Y,No,3,4,80,9,6,3,9,5,7,7
630,No,4,3,2,1,3,Y,Yes,3,2,80,18,3,3,10,9,6,9
631,Yes,4,4,2,3,8,Y,No,3,4,80,6,2,3,4,2,1,2
632,No,4,3,1,4,0,Y,No,3,3,80,3,3,3,2,2,2,1
634,No,3,3,2,3,3,Y,No,3,3,80,18,4,3,1,0,0,0
635,No,2,3,2,2,6,Y,No,3,2,80,8,2,2,6,5,4,3
638,No,4,2,5,3,1,Y,Yes,3,3,80,31,5,3,31,9,0,9
639,No,2,4,1,4,1,Y,Yes,3,2,80,6,3,3,6,5,1,4
641,No,1,3,2,2,1,Y,No,4,4,80,6,5,4,5,3,1,4
643,No,4,2,1,2,1,Y,No,4,4,80,1,2,3,1,0,0,0
644,No,1,3,5,2,1,Y,No,3,3,80,32,2,3,32,5,10,7
645,No,2,3,1,3,1,Y,No,3,3,80,7,1,3,7,4,0,6
647,Yes,1,3,1,3,1,Y,Yes,3,4,80,6,4,3,6,3,1,2
648,Yes,2,2,1,1,1,Y,No,3,3,80,1,2,4,1,0,0,0
649,No,2,2,1,4,1,Y,Yes,3,4,80,6,3,3,6,5,1,3
650,Yes,2,3,2,1,2,Y,No,3,3,80,9,2,1,3,1,1,2
652,No,1,2,2,4,4,Y,No,3,4,80,9,3,3,3,2,0,2
653,No,1,4,2,4,4,Y,No,4,4,80,13,4,4,7,7,5,7
655,No,1,2,1,3,0,Y,No,3,3,80,6,5,2,5,3,0,3
656,No,4,3,2,3,4,Y,Yes,3,3,80,17,3,2,3,0,1,0
657,No,4,2,1,2,1,Y,No,3,4,80,1,0,4,1,0,0,0
659,No,3,3,2,4,1,Y,No,3,2,80,10,4,3,10,2,2,2
661,No,2,2,4,4,4,Y,Yes,3,3,80,21,3,2,1,0,0,0
662,No,3,3,1,1,3,Y,No,3,4,80,8,3,2,0,0,0,0
663,No,4,3,2,3,3,Y,Yes,3,2,80,10,3,3,8,7,4,7
664,No,4,2,4,1,7,Y,No,3,1,80,21,3,1,3,2,0,2
665,No,1,2,2,3,4,Y,No,3,2,80,10,1,4,2,2,0,2
666,No,3,3,1,3,1,Y,Yes,3,4,80,8,3,3,8,2,0,6
667,Yes,3,3,1,1,0,Y,No,3,2,80,5,3,3,4,3,0,2
669,No,3,3,1,3,1,Y,No,3,3,80,3,2,3,3,2,1,2
671,No,4,3,5,4,4,Y,Yes,3,1,80,26,2,4,2,2,0,1
675,No,1,3,1,3,0,Y,No,4,4,80,3,3,3,2,2,2,2
677,No,3,3,2,3,0,Y,No,3,4,80,6,3,3,5,0,1,2
679,No,1,3,2,4,1,Y,Yes,3,4,80,6,2,2,6,4,0,5
680,No,3,3,1,3,1,Y,No,4,3,80,1,2,3,1,0,0,0
682,No,4,3,2,1,7,Y,No,4,4,80,18,2,4,14,7,8,10
683,No,2,3,1,4,1,Y,No,3,4,80,10,4,2,10,9,8,8
684,Yes,1,3,2,1,2,Y,No,3,4,80,5,4,3,1,1,0,0
686,No,3,3,1,4,1,Y,Yes,3,3,80,3,2,3,3,2,0,2
689,No,3,3,3,3,1,Y,No,3,3,80,10,2,3,10,7,7,8
690,No,2,3,2,3,1,Y,No,3,1,80,6,5,2,6,0,1,2
691,No,2,1,2,4,1,Y,No,3,2,80,17,3,3,17,11,11,8
692,No,3,3,2,4,3,Y,No,4,3,80,15,2,1,13,11,4,7
698,No,3,3,3,2,2,Y,No,3,3,80,16,1,4,9,7,7,1
699,No,2,2,2,2,2,Y,Yes,3,3,80,13,2,3,3,2,0,2
700,No,1,2,1,4,0,Y,No,3,4,80,5,0,3,4,2,1,1
701,Yes,4,3,1,3,1,Y,Yes,3,4,80,1,5,3,1,0,1,1
702,Yes,1,3,1,1,1,Y,Yes,3,1,80,10,3,3,10,8,9,7
704,No,3,2,1,3,1,Y,No,3,3,80,1,3,3,1,0,0,0
705,No,1,4,1,1,2,Y,No,3,1,80,5,3,4,3,2,0,2
707,No,4,4,2,2,0,Y,No,4,3,80,4,4,3,3,2,1,2
709,No,4,2,2,4,0,Y,No,4,1,80,8,2,3,7,7,0,5
710,No,2,1,1,4,1,Y,No,3,4,80,10,5,3,10,7,2,8
712,No,2,4,2,2,3,Y,No,3,4,80,12,3,3,2,2,2,2
714,No,4,4,2,4,1,Y,Yes,4,2,80,6,3,3,6,5,0,4
715,No,4,4,1,4,3,Y,No,3,1,80,4,2,3,1,0,0,0
716,No,4,4,1,3,1,Y,Yes,3,3,80,20,3,3,20,8,3,8
717,No,4,2,3,2,1,Y,No,3,2,80,9,3,4,8,7,7,7
720,Yes,1,3,2,3,9,Y,No,3,1,80,4,3,3,2,2,2,0
721,No,4,2,2,3,1,Y,No,3,1,80,20,4,3,20,7,11,10
722,No,4,3,2,4,1,Y,No,3,4,80,10,2,2,10,7,0,8
723,Yes,2,3,2,3,3,Y,Yes,3,1,80,18,4,3,4,3,1,3
724,No,2,4,2,4,0,Y,No,3,3,80,10,4,2,9,7,1,8
725,No,3,3,3,1,1,Y,No,3,4,80,9,3,3,9,7,0,7
727,No,3,3,3,4,3,Y,No,3,4,80,10,6,3,7,7,7,7
728,No,4,3,2,1,2,Y,No,3,4,80,20,2,3,7,7,1,7
729,No,4,2,3,1,5,Y,Yes,4,3,80,20,2,3,18,13,1,12
730,No,3,4,4,3,3,Y,No,3,3,80,32,3,3,5,1,1,3
731,No,2,2,5,4,3,Y,No,3,2,80,23,2,2,21,6,12,6
732,No,1,3,2,1,8,Y,No,3,4,80,10,1,3,2,2,2,2
733,No,4,3,3,1,1,Y,No,4,3,80,9,4,2,9,7,1,7
734,No,4,2,5,3,1,Y,No,3,2,80,22,3,3,22,7,2,10
738,No,4,3,1,2,7,Y,No,3,4,80,4,2,3,2,2,2,2
741,Yes,1,1,1,2,7,Y,Yes,3,4,80,10,4,3,7,7,3,7
742,No,1,4,3,1,9,Y,No,3,1,80,10,2,3,8,7,0,5
743,No,3,3,3,3,4,Y,Yes,3,4,80,10,4,4,1,0,0,0
744,No,1,1,1,3,2,Y,No,3,3,80,9,5,3,5,2,1,4
746,No,4,3,4,3,9,Y,Yes,3,4,80,28,2,2,22,2,11,13
747,No,3,3,2,4,7,Y,No,4,4,80,10,2,2,8,7,7,7
749,No,3,3,1,3,1,Y,No,3,3,80,1,6,3,1,0,0,0
752,Yes,3,4,1,3,6,Y,Yes,3,4,80,7,2,3,2,2,2,2
754,No,4,2,2,4,3,Y,No,3,3,80,7,5,3,2,2,2,2
757,No,2,3,2,3,3,Y,No,3,4,80,10,2,3,5,1,4,3
758,No,2,3,1,1,1,Y,No,3,4,80,5,2,4,4,3,0,2
760,No,3,4,2,2,9,Y,No,3,3,80,12,3,1,8,3,3,6
762,No,3,3,4,4,7,Y,No,3,3,80,30,1,2,10,7,1,1
763,No,4,2,1,4,0,Y,Yes,4,4,80,5,2,2,4,2,2,3
764,No,4,2,2,1,8,Y,No,3,1,80,9,2,1,7,6,0,7
766,No,4,3,1,2,1,Y,No,3,4,80,2,2,3,2,2,2,2
769,No,4,3,2,4,2,Y,No,3,4,80,19,4,3,2,2,2,2
771,No,4,3,2,1,2,Y,No,3,1,80,16,2,4,1,0,0,0
772,No,1,3,2,4,1,Y,No,3,4,80,10,2,3,10,8,4,7
773,No,4,3,1,3,6,Y,Yes,3,2,80,6,0,1,1,0,0,1
775,No,2,3,2,1,3,Y,No,3,3,80,7,3,3,0,0,0,0
776,No,3,2,4,1,1,Y,No,3,1,80,34,3,4,34,6,1,16
780,Yes,4,3,1,4,1,Y,Yes,3,3,80,10,2,2,10,9,7,8
781,No,3,3,2,4,1,Y,No,4,2,80,6,5,2,6,5,1,4
783,No,2,1,2,3,0,Y,No,3,1,80,9,3,3,8,7,3,1
784,No,1,4,1,3,1,Y,No,3,4,80,2,3,3,2,2,0,2
785,Yes,2,4,2,3,4,Y,Yes,3,4,80,8,2,3,5,4,1,3
786,No,4,3,2,4,1,Y,No,4,3,80,6,5,3,6,5,1,4
787,Yes,4,3,5,1,5,Y,Yes,3,4,80,24,2,3,5,2,1,4
789,No,1,2,3,1,1,Y,No,3,2,80,10,1,3,10,7,0,9
791,No,4,3,1,4,0,Y,No,3,1,80,5,3,3,4,3,1,2
792,No,1,1,1,4,3,Y,No,3,1,80,5,2,3,2,2,2,0
793,No,2,3,2,3,4,Y,No,3,1,80,11,3,2,8,7,1,1
796,Yes,4,2,2,1,6,Y,No,3,3,80,6,2,2,4,3,1,2
797,No,2,4,1,4,2,Y,No,3,3,80,10,2,3,4,2,1,3
799,No,4,3,2,1,9,Y,Yes,3,2,80,9,4,3,5,3,1,4
800,No,3,3,2,4,0,Y,No,3,2,80,5,3,3,4,2,1,1
802,No,4,3,1,1,0,Y,Yes,3,2,80,6,3,2,5,3,4,3
803,No,1,4,2,1,6,Y,Yes,3,4,80,17,2,3,15,7,4,12
804,No,3,2,1,1,1,Y,No,3,3,80,6,3,3,6,5,1,3
805,No,1,3,1,4,1,Y,No,3,2,80,3,1,2,3,2,0,2
806,No,4,1,1,3,3,Y,No,4,3,80,7,2,3,2,2,0,2
807,No,3,4,2,2,1,Y,No,4,4,80,8,2,3,8,7,3,7
808,No,3,3,2,1,5,Y,No,3,2,80,6,1,3,3,2,1,2
809,No,2,3,5,4,1,Y,No,3,2,80,24,4,2,24,7,14,9
811,Yes,3,4,1,1,1,Y,Yes,4,3,80,1,2,3,0,0,0,0
812,No,3,2,1,2,1,Y,No,3,3,80,1,4,3,1,0,0,0
813,No,4,3,2,3,8,Y,No,4,2,80,9,3,3,5,2,1,4
815,No,3,3,4,3,5,Y,No,3,4,80,30,3,3,4,3,0,3
816,Yes,2,2,1,1,1,Y,Yes,3,4,80,1,1,3,1,0,0,0
817,No,3,3,3,3,0,Y,No,3,4,80,14,3,4,13,9,3,7
819,Yes,1,3,2,1,5,Y,No,3,3,80,6,3,3,3,2,0,2
820,No,3,3,4,4,1,Y,Yes,3,3,80,26,3,2,26,14,3,0
823,No,3,3,2,2,0,Y,No,3,1,80,10,2,3,9,7,0,5
824,No,3,4,1,3,1,Y,No,4,3,80,10,3,3,10,7,0,7
825,Yes,4,3,5,2,7,Y,Yes,3,4,80,40,2,3,31,15,13,8
826,No,4,4,1,3,3,Y,No,3,3,80,7,0,3,2,2,2,2
827,No,4,2,2,4,9,Y,Yes,3,4,80,8,4,3,4,3,0,2
828,Yes,3,3,1,3,6,Y,No,3,4,80,5,3,2,2,2,2,1
829,No,3,3,1,2,4,Y,No,3,2,80,8,2,3,5,2,0,4
830,No,3,2,2,3,1,Y,No,3,3,80,14,3,3,14,13,6,8
832,No,1,2,2,3,6,Y,No,3,4,80,10,6,3,1,0,0,0
833,No,3,2,2,4,5,Y,Yes,4,2,80,12,4,2,0,0,0,0
834,No,2,2,1,3,1,Y,No,3,4,80,1,3,3,1,0,0,0
836,No,2,3,2,2,1,Y,No,3,4,80,10,3,2,9,8,7,8
837,No,1,2,2,1,2,Y,No,3,3,80,13,3,2,4,3,1,2
838,No,3,2,1,4,1,Y,No,3,3,80,6,3,3,5,2,1,3
840,Yes,3,3,3,4,1,Y,No,3,1,80,9,3,4,9,8,7,7
842,Yes,3,3,2,4,4,Y,No,3,3,80,12,3,2,9,7,7,3
843,No,2,3,4,1,6,Y,No,4,3,80,22,3,3,4,1,1,0
844,No,3,2,3,4,1,Y,Yes,3,2,80,9,3,3,9,8,0,8
845,No,3,3,3,3,3,Y,No,4,2,80,17,3,4,8,5,1,6
846,No,2,3,2,2,1,Y,Yes,4,1,80,8,2,3,8,7,7,5
847,No,3,3,1,4,0,Y,No,3,3,80,4,1,1,3,2,0,2
848,Yes,3,2,1,3,1,Y,Yes,3,1,80,8,2,3,8,7,1,7
850,No,4,3,1,4,1,Y,No,3,3,80,0,6,2,0,0,0,0
851,No,1,3,4,3,2,Y,No,3,3,80,29,2,2,20,6,4,17
852,No,4,3,2,2,9,Y,No,3,4,80,10,2,2,5,2,2,3
854,No,1,4,1,1,7,Y,No,3,3,80,6,3,2,4,3,0,1
855,No,1,4,2,1,1,Y,No,4,1,80,9,5,3,9,8,0,8
856,No,3,2,1,1,1,Y,No,3,4,80,6,3,2,6,5,1,1
857,No,2,3,2,4,1,Y,Yes,3,4,80,18,1,2,18,14,4,11
859,No,2,3,2,4,2,Y,No,3,3,80,8,3,2,5,2,0,3
861,No,2,2,1,4,9,Y,No,3,2,80,10,3,2,5,4,0,3
862,No,1,2,3,4,7,Y,Yes,3,4,80,35,3,3,5,2,0,4
864,No,4,3,3,1,4,Y,Yes,3,3,80,18,2,3,5,4,0,2
865,No,3,4,2,3,5,Y,No,3,3,80,9,3,2,5,3,1,3
867,No,3,2,4,4,3,Y,No,4,3,80,31,3,3,9,8,0,0
868,No,4,2,2,3,4,Y,No,3,4,80,9,2,3,1,0,0,0
869,No,2,2,1,4,1,Y,No,3,4,80,6,6,3,5,1,0,4
872,No,4,2,2,4,6,Y,No,4,1,80,4,2,1,2,2,2,2
874,No,1,4,1,4,2,Y,Yes,4,3,80,10,2,2,3,2,0,2
875,No,2,3,1,4,5,Y,Yes,3,4,80,8,2,3,2,1,2,2
878,No,1,2,1,1,0,Y,No,4,3,80,6,3,3,5,4,0,3
879,No,3,3,2,1,1,Y,Yes,3,4,80,5,3,3,5,3,0,3
880,No,4,2,3,3,1,Y,Yes,4,2,80,17,2,3,17,14,5,15
881,Yes,4,3,1,2,1,Y,Yes,3,1,80,10,3,2,10,2,7,8
882,No,4,3,1,4,0,Y,No,3,2,80,4,2,3,3,0,0,2
885,No,3,2,2,1,1,Y,No,3,1,80,5,1,4,5,2,0,3
887,No,3,3,1,1,2,Y,No,3,2,80,7,2,3,4,2,0,2
888,No,1,2,1,4,0,Y,No,3,4,80,6,2,2,5,2,3,4
889,No,2,3,2,2,1,Y,No,3,4,80,10,3,3,10,8,5,3
893,No,2,2,1,2,0,Y,No,3,4,80,3,3,3,2,2,1,2
894,No,3,4,2,4,2,Y,Yes,3,2,80,17,1,2,5,3,1,3
895,No,4,3,1,4,3,Y,Yes,3,2,80,8,2,3,6,4,0,2
896,Yes,2,2,1,3,6,Y,Yes,3,3,80,5,3,3,3,2,0,2
897,No,1,3,4,4,5,Y,No,3,3,80,28,3,3,2,0,2,2
899,No,4,2,3,2,3,Y,No,3,1,80,16,2,3,13,10,4,8
900,No,3,3,1,4,5,Y,No,3,2,80,10,3,3,5,4,0,0
901,No,4,3,4,4,6,Y,No,3,3,80,33,0,3,12,9,3,8
902,No,4,3,2,4,4,Y,No,3,2,80,12,2,2,5,2,2,2
903,No,3,3,2,4,0,Y,Yes,4,1,80,8,2,3,7,6,7,7
904,No,1,3,3,2,1,Y,Yes,3,4,80,10,2,3,10,0,0,9
905,No,1,3,4,1,1,Y,No,3,4,80,31,3,3,31,6,14,7
909,No,4,2,2,4,8,Y,No,3,3,80,13,2,3,5,4,0,4
910,No,4,3,1,2,3,Y,Yes,3,3,80,7,4,4,4,3,0,3
911,Yes,1,3,1,4,1,Y,Yes,4,3,80,1,2,1,1,0,0,1
912,No,1,2,1,4,6,Y,No,3,3,80,8,5,3,4,3,0,3
913,No,2,3,1,1,1,Y,Yes,3,4,80,8,0,3,8,7,7,1
916,No,1,3,2,4,1,Y,No,3,2,80,4,3,3,4,2,0,2
918,Yes,4,2,1,4,9,Y,Yes,3,4,80,3,3,2,1,0,0,0
920,No,1,3,2,2,4,Y,No,4,3,80,4,2,4,1,0,0,0
922,Yes,3,2,1,3,1,Y,No,3,4,80,2,3,2,2,2,0,2
923,Yes,4,3,1,4,1,Y,No,3,1,80,1,3,2,1,0,0,0
924,No,3,3,2,4,0,Y,Yes,3,1,80,17,2,2,16,8,4,11
925,No,4,2,1,4,1,Y,Yes,3,1,80,3,3,2,3,2,1,2
926,Yes,2,3,2,3,0,Y,Yes,3,1,80,4,3,4,3,2,0,2
927,Yes,2,1,1,4,4,Y,Yes,3,3,80,10,1,2,7,7,1,0
930,No,3,3,1,3,5,Y,No,3,2,80,6,2,3,2,2,2,2
932,Yes,4,3,1,1,7,Y,Yes,4,4,80,8,2,1,2,2,2,2
933,No,2,3,1,3,1,Y,No,3,3,80,1,2,3,1,1,0,0
934,No,2,3,1,2,1,Y,No,3,2,80,1,3,3,1,0,1,0
936,No,3,2,2,3,7,Y,No,3,1,80,10,6,3,5,4,0,3
939,No,3,2,1,1,3,Y,Yes,3,2,80,6,1,3,3,2,0,2
940,No,3,2,3,2,2,Y,Yes,3,4,80,24,3,3,6,0,0,4
941,No,2,2,1,3,3,Y,No,3,2,80,13,2,4,7,7,5,2
942,No,4,3,2,4,1,Y,Yes,4,4,80,10,2,1,10,6,0,7
944,No,1,3,3,2,4,Y,No,3,3,80,29,3,2,26,9,1,7
945,No,4,3,1,3,4,Y,No,3,1,80,13,2,2,0,0,0,0
947,No,4,3,2,3,1,Y,No,3,4,80,9,2,2,9,8,0,0
949,No,2,3,1,4,2,Y,No,3,3,80,8,6,3,6,2,0,1
950,No,4,3,3,1,1,Y,No,3,2,80,15,3,3,15,12,5,11
951,No,3,2,1,2,6,Y,No,4,3,80,5,3,3,3,0,0,2
952,Yes,3,2,1,2,1,Y,Yes,3,3,80,1,2,3,1,0,0,0
954,No,1,2,3,2,2,Y,No,3,2,80,11,2,2,1,0,0,0
956,No,3,2,2,1,1,Y,No,3,2,80,7,2,3,7,7,0,7
957,No,4,3,1,1,2,Y,Yes,3,3,80,20,3,3,18,13,2,17
958,No,3,3,1,3,4,Y,No,4,3,80,16,6,3,11,8,3,9
959,Yes,4,2,1,2,1,Y,Yes,3,2,80,1,3,4,1,0,0,0
960,Yes,1,3,1,1,1,Y,No,3,2,80,1,2,3,1,0,0,0
961,No,4,3,2,4,0,Y,Yes,3,3,80,10,2,1,9,7,8,5
964,No,4,3,1,2,8,Y,Yes,3,4,80,3,2,3,1,1,0,0
966,No,3,3,2,1,1,Y,No,3,3,80,8,2,4,8,7,6,3
967,Yes,3,2,3,4,1,Y,Yes,3,1,80,16,6,3,16,7,3,7
969,No,2,2,2,4,0,Y,No,3,1,80,6,3,3,5,0,1,4
970,Yes,1,2,3,3,5,Y,No,3,3,80,17,2,1,14,1,11,7
972,No,3,3,2,2,1,Y,No,3,2,80,9,5,2,9,7,0,8
974,No,3,3,1,4,1,Y,No,3,2,80,3,5,3,3,1,0,2
975,No,3,3,2,3,1,Y,No,3,2,80,5,3,3,5,2,1,0
976,No,4,3,4,4,2,Y,No,3,2,80,26,2,2,9,8,7,8
977,Yes,4,3,1,3,4,Y,No,4,1,80,7,4,3,1,0,0,0
981,No,3,3,4,3,6,Y,No,3,3,80,22,3,4,17,13,15,2
982,No,3,3,3,3,5,Y,No,3,1,80,10,2,4,8,4,7,7
983,No,3,3,2,4,1,Y,Yes,3,2,80,6,1,3,5,3,1,3
984,No,4,3,3,4,6,Y,No,3,2,80,12,2,3,10,9,0,8
985,No,1,4,3,3,0,Y,No,3,4,80,9,3,3,8,7,0,7
986,Yes,2,4,4,2,4,Y,Yes,3,4,80,22,2,2,1,0,0,0
987,No,3,4,2,3,1,Y,Yes,3,3,80,20,3,4,19,10,2,7
990,No,1,3,2,4,4,Y,No,3,4,80,12,3,3,7,7,0,7
991,Yes,3,2,1,1,0,Y,Yes,4,1,80,4,0,3,3,2,1,2
992,No,4,3,4,3,1,Y,No,3,4,80,10,2,3,10,8,6,0
994,Yes,4,2,1,1,6,Y,Yes,4,3,80,3,5,3,0,0,0,0
995,No,2,3,1,4,3,Y,No,3,1,80,5,4,3,3,2,0,2
996,No,4,3,1,4,3,Y,No,3,4,80,8,2,3,5,3,0,2
997,No,4,3,4,4,9,Y,No,4,3,80,32,1,2,5,4,1,3
998,No,3,4,2,2,1,Y,Yes,3,1,80,6,2,3,6,5,1,2
999,No,1,3,5,3,2,Y,No,3,2,80,21,2,4,18,16,0,11
1001,No,3,3,1,2,9,Y,No,3,2,80,4,2,3,2,2,2,2
1002,No,4,3,2,1,1,Y,Yes,3,3,80,9,2,3,9,8,0,8
1003,No,4,3,2,4,1,Y,Yes,3,3,80,9,0,3,9,0,0,7
1004,Yes,1,3,1,3,4,Y,Yes,3,2,80,7,2,3,5,2,0,1
1005,No,4,3,4,3,3,Y,Yes,3,4,80,22,2,3,12,11,1,5
1006,No,3,3,1,3,0,Y,No,3,2,80,3,0,2,2,1,0,2
1007,No,4,3,3,3,6,Y,No,3,2,80,13,3,3,8,7,0,7
1009,No,4,2,2,3,1,Y,No,3,2,80,5,6,3,4,2,3,2
1010,Yes,3,2,1,2,1,Y,Yes,4,4,80,5,2,1,4,2,0,2
1011,No,3,3,2,1,1,Y,No,3,3,80,4,1,3,4,3,0,3
1012,No,2,3,1,4,1,Y,No,3,4,80,0,2,3,0,0,0,0
1013,No,3,3,3,3,8,Y,No,3,3,80,22,2,3,10,7,0,8
1014,No,3,3,3,3,1,Y,Yes,3,3,80,16,3,2,16,10,10,1
1015,No,2,4,3,1,0,Y,Yes,3,3,80,9,4,2,8,7,1,7
1016,Yes,4,2,1,1,1,Y,Yes,3,1,80,1,2,3,1,0,0,0
1017,Yes,2,3,1,2,0,Y,No,3,1,80,4,3,3,3,2,1,2
1018,No,4,4,2,4,1,Y,No,3,2,80,8,2,3,8,7,1,3
1019,No,2,1,1,1,1,Y,No,3,1,80,4,3,2,4,3,1,1
1022,No,1,2,2,3,2,Y,No,3,4,80,19,0,3,2,2,2,2
1024,No,3,2,3,3,7,Y,No,3,2,80,27,3,3,15,11,4,8
1025,No,4,3,2,3,6,Y,No,3,2,80,8,6,3,2,2,2,1
1026,No,4,2,4,4,1,Y,No,3,3,80,21,3,3,21,6,11,8
1027,No,1,3,2,4,0,Y,No,3,2,80,4,2,3,3,2,2,2
1028,No,2,3,1,4,1,Y,No,4,1,80,3,4,2,3,2,1,2
1029,No,4,3,5,3,6,Y,No,3,2,80,21,3,4,1,0,0,0
1030,No,1,3,1,4,4,Y,No,3,2,80,8,5,3,1,0,0,0
1032,No,3,2,4,4,3,Y,Yes,3,1,80,30,4,3,5,3,4,3
1033,Yes,1,1,2,2,5,Y,No,3,1,80,15,2,1,1,0,0,0
1034,No,3,3,2,2,3,Y,Yes,3,4,80,17,3,3,8,7,6,7
1035,No,2,1,5,3,1,Y,No,4,2,80,21,3,3,21,16,5,10
1036,No,2,3,2,4,8,Y,Yes,3,3,80,19,1,3,1,0,0,0
1037,Yes,2,1,2,1,8,Y,No,3,4,80,7,6,3,2,2,2,2
1038,Yes,1,1,5,4,1,Y,No,3,4,80,33,3,3,32,14,6,9
1039,No,4,4,4,4,3,Y,Yes,3,3,80,23,2,3,12,11,11,11
1040,No,4,3,2,3,0,Y,No,3,1,80,19,3,3,18,7,0,13
1042,Yes,3,4,1,1,1,Y,No,3,3,80,18,1,3,17,13,15,14
1043,No,4,3,3,1,1,Y,Yes,3,3,80,21,2,3,21,6,2,8
1044,No,2,2,1,4,0,Y,No,3,4,80,3,2,2,2,2,2,2
1045,No,4,3,4,4,3,Y,No,3,2,80,26,4,4,9,3,1,1
1046,No,4,3,1,3,9,Y,No,3,2,80,10,2,3,8,7,7,7
1047,No,2,4,2,4,0,Y,No,3,4,80,16,2,2,15,1,0,9
1048,No,2,3,3,4,3,Y,Yes,3,3,80,14,1,1,6,4,0,4
1049,No,2,3,1,2,1,Y,No,3,1,80,6,3,3,6,3,0,4
1050,No,3,2,3,2,2,Y,No,3,1,80,30,2,3,15,7,6,12
1052,Yes,1,3,2,3,7,Y,No,3,2,80,9,3,2,1,0,0,0
1053,Yes,1,3,1,1,6,Y,Yes,3,2,80,6,2,3,3,2,1,2
1055,No,3,3,1,3,1,Y,Yes,3,4,80,1,2,3,1,1,0,0
1056,No,4,3,1,2,1,Y,No,4,2,80,1,5,3,1,0,0,0
1060,No,3,3,1,3,3,Y,No,3,1,80,8,2,3,2,2,2,2
1061,No,2,3,5,3,2,Y,Yes,3,4,80,29,2,2,8,1,7,7
1062,No,4,3,2,2,3,Y,No,3,1,80,8,3,2,4,3,0,1
1066,No,3,3,2,1,1,Y,No,3,2,80,8,3,2,7,7,7,5
1068,No,1,2,1,3,1,Y,No,3,3,80,5,5,3,5,3,1,3
1069,No,4,3,5,4,9,Y,No,3,4,80,23,0,3,2,2,2,2
1070,No,3,2,3,3,6,Y,No,3,2,80,13,4,3,9,4,7,0
1071,No,1,3,1,3,2,Y,No,3,2,80,18,4,3,5,4,0,3
1073,No,4,2,3,4,0,Y,No,3,2,80,15,2,2,14,8,7,8
1074,No,3,2,4,1,7,Y,No,3,2,80,31,3,4,9,7,6,2
1076,No,3,2,3,4,5,Y,No,3,3,80,18,5,3,1,0,0,0
1077,Yes,4,3,1,4,1,Y,Yes,3,2,80,2,3,3,2,2,0,2
1079,Yes,3,2,1,1,1,Y,No,3,1,80,1,6,2,1,0,1,0
1080,No,4,2,2,1,8,Y,Yes,4,1,80,19,2,3,16,13,1,7
1081,Yes,1,3,1,3,9,Y,Yes,3,3,80,18,2,4,10,0,2,7
1082,Yes,2,2,3,1,1,Y,No,3,1,80,10,2,2,10,7,1,9
1083,No,1,2,1,1,1,Y,No,3,1,80,6,2,3,5,3,1,3
1084,No,3,3,2,1,0,Y,No,3,3,80,7,1,2,6,2,0,2
1085,No,2,4,1,3,1,Y,No,3,3,80,10,3,3,10,6,0,8
1088,No,3,2,3,3,0,Y,No,3,1,80,20,4,2,19,9,1,9
1092,No,1,3,3,4,4,Y,No,4,4,80,14,6,3,11,10,11,1
1094,No,1,1,1,3,1,Y,No,3,4,80,3,4,3,3,2,1,2
1096,No,4,3,3,2,3,Y,No,3,2,80,23,4,3,3,2,1,2
1097,No,3,3,2,3,3,Y,No,3,4,80,10,4,4,8,7,1,7
1098,Yes,2,2,3,1,9,Y,No,3,4,80,24,1,3,20,6,3,6
1099,No,4,2,3,4,4,Y,No,3,3,80,9,2,3,3,2,1,2
1100,Yes,4,3,3,1,0,Y,Yes,4,1,80,9,2,3,8,7,4,7
1101,Yes,1,2,2,3,1,Y,No,4,2,80,14,4,3,13,7,3,8
1102,No,1,3,1,3,1,Y,No,3,4,80,4,5,2,4,2,2,2
1103,No,1,3,2,4,0,Y,No,3,3,80,7,1,2,6,2,0,4
1105,No,4,2,2,4,2,Y,Yes,3,3,80,8,5,3,1,0,0,0
1106,Yes,4,3,1,4,1,Y,Yes,3,2,80,7,3,4,7,7,5,6
1107,Yes,1,3,1,3,1,Y,No,4,3,80,1,0,2,1,1,0,0
1108,Yes,1,2,1,2,4,Y,Yes,4,2,80,5,0,3,2,2,2,2
1109,No,4,3,4,1,0,Y,No,3,4,80,23,3,3,22,6,13,7
1111,Yes,1,2,1,2,1,Y,No,3,1,80,1,2,3,1,0,0,0
1113,Yes,4,3,2,3,3,Y,Yes,3,4,80,5,4,3,0,0,0,0
1114,No,4,3,2,2,0,Y,No,3,3,80,4,3,3,3,2,0,2
1115,No,3,2,1,4,3,Y,No,3,4,80,6,2,3,0,0,0,0
1116,No,1,4,4,4,2,Y,No,4,3,80,27,3,2,5,4,2,1
1117,No,2,2,2,3,1,Y,No,3,4,80,15,2,3,15,10,4,12
1118,No,2,3,3,2,7,Y,No,3,4,80,18,4,3,8,6,4,0
1119,No,3,2,3,3,0,Y,Yes,3,2,80,9,2,3,8,7,2,7
1120,No,3,3,1,4,4,Y,No,4,1,80,11,1,3,7,5,1,7
1121,No,4,3,3,2,0,Y,No,3,2,80,10,3,2,9,7,1,7
1124,No,1,3,4,3,3,Y,No,3,4,80,23,3,3,12,9,4,9
1125,No,4,3,3,2,7,Y,No,3,3,80,10,2,3,1,0,0,0
1126,No,3,3,3,1,8,Y,No,3,3,80,18,1,3,8,7,0,1
1127,Yes,1,3,4,4,7,Y,No,3,4,80,21,4,3,18,7,11,5
1128,No,3,2,5,3,1,Y,No,3,1,80,21,2,4,20,7,4,9
1131,No,4,2,1,2,1,Y,Yes,3,3,80,2,6,4,2,2,2,2
1132,No,3,3,2,2,9,Y,No,3,3,80,9,2,2,5,4,0,3
1133,No,1,3,2,4,2,Y,No,4,1,80,18,0,3,11,9,0,9
1135,No,3,4,1,4,0,Y,No,3,1,80,3,4,3,2,2,2,2
1136,No,1,2,1,2,0,Y,No,3,1,80,6,2,1,5,3,0,4
1137,No,4,3,2,4,1,Y,No,3,4,80,5,3,3,5,2,0,2
1138,No,4,2,4,2,6,Y,No,3,2,80,22,3,3,9,8,2,3
1140,No,4,3,2,3,2,Y,No,3,4,80,5,3,2,3,2,0,2
1143,No,4,3,1,2,0,Y,No,3,4,80,8,2,2,7,5,1,1
1148,No,2,1,2,4,4,Y,No,3,1,80,16,3,3,1,0,0,0
1150,No,2,2,2,4,1,Y,Yes,3,3,80,10,2,2,10,7,1,2
1152,No,3,4,1,3,1,Y,No,3,4,80,7,2,4,7,6,5,0
1154,No,3,2,1,3,1,Y,Yes,3,4,80,3,2,3,3,1,0,2
1156,Yes,3,3,1,3,1,Y,No,3,4,80,0,0,3,0,0,0,0
1157,Yes,1,3,2,1,0,Y,Yes,3,1,80,6,3,3,5,2,0,3
1158,No,2,3,1,4,3,Y,Yes,3,1,80,6,4,3,1,0,0,0
1160,Yes,3,3,1,3,1,Y,No,3,3,80,2,5,2,2,2,2,2
1161,No,3,2,2,4,7,Y,No,3,3,80,9,2,3,6,2,1,3
1162,No,4,2,1,3,1,Y,No,3,3,80,4,0,3,4,2,2,2
1163,No,2,3,2,3,1,Y,No,4,1,80,6,3,2,6,5,1,3
1164,No,3,3,1,3,1,Y,No,3,2,80,6,2,1,5,4,1,4
1165,Yes,4,2,3,1,1,Y,No,3,1,80,11,3,1,11,8,3,10
1166,No,2,3,3,3,9,Y,No,3,3,80,20,3,2,18,7,2,13
1167,Yes,3,3,4,1,0,Y,Yes,3,2,80,22,2,2,21,9,13,14
1171,No,2,3,2,1,7,Y,No,3,4,80,9,3,4,6,4,1,5
1172,No,4,2,1,3,6,Y,No,3,2,80,10,2,3,8,0,1,7
1173,No,4,3,1,2,8,Y,No,4,4,80,6,2,3,4,3,1,2
1175,Yes,3,3,1,4,1,Y,Yes,3,4,80,1,4,2,1,1,0,0
1177,No,1,4,1,4,1,Y,No,4,2,80,8,2,3,8,7,0,7
1179,No,3,2,2,3,1,Y,No,3,1,80,10,3,3,10,3,1,4
1180,No,3,2,2,4,3,Y,Yes,3,4,80,16,3,1,1,1,0,0
1182,No,3,2,3,2,2,Y,No,3,2,80,15,2,4,7,7,6,4
1184,No,4,2,2,1,0,Y,No,4,3,80,14,3,3,13,9,4,9
1185,No,4,2,1,4,1,Y,No,3,2,80,2,2,4,2,2,2,2
1188,Yes,1,1,2,3,8,Y,No,3,2,80,7,2,2,4,3,1,3
1190,No,3,3,1,1,1,Y,No,3,3,80,1,3,3,1,0,0,0
1191,No,4,3,5,1,4,Y,No,3,4,80,28,2,3,5,2,4,2
1192,No,2,3,1,4,1,Y,No,3,1,80,10,5,3,10,8,0,8
1193,No,3,3,1,1,1,Y,No,4,3,80,1,4,3,1,1,0,0
1195,No,1,3,1,3,4,Y,Yes,3,3,80,7,2,2,3,2,0,2
1196,No,4,2,2,4,1,Y,No,3,2,80,14,2,2,14,8,3,11
1198,No,1,2,1,3,1,Y,No,3,1,80,2,2,2,2,2,1,2
1200,Yes,3,3,1,3,1,Y,Yes,3,3,80,6,4,3,6,4,0,2
1201,No,4,3,5,3,3,Y,No,3,2,80,26,6,3,7,7,4,7
1202,No,2,1,1,4,0,Y,Yes,3,1,80,6,2,2,5,4,1,3
1203,Yes,3,2,1,4,0,Y,Yes,3,2,80,1,5,3,0,0,0,0
1204,No,3,3,4,1,8,Y,No,4,1,80,28,2,3,26,15,15,9
1206,No,4,1,1,3,2,Y,No,3,4,80,6,3,3,0,0,0,0
1207,No,2,3,1,3,1,Y,No,3,4,80,5,2,3,5,4,1,4
1210,Yes,1,2,1,1,6,Y,No,3,1,80,5,2,1,1,0,0,0
1211,No,3,3,2,1,8,Y,No,3,3,80,8,3,3,4,3,0,3
1212,No,2,3,2,2,5,Y,No,3,4,80,5,2,3,0,0,0,0
1215,No,4,3,4,1,2,Y,No,4,3,80,32,3,3,2,2,2,2
1216,No,4,2,1,1,1,Y,No,3,3,80,6,2,3,6,5,3,3
1217,No,4,3,5,2,5,Y,No,3,1,80,25,2,3,4,2,0,3
1218,No,3,3,2,1,3,Y,Yes,3,4,80,15,2,3,7,7,1,7
1219,Yes,4,3,1,2,1,Y,No,3,1,80,1,3,1,1,0,0,0
1220,No,2,3,2,3,1,Y,No,3,1,80,10,3,2,10,7,0,1
1221,No,3,1,1,3,1,Y,No,3,3,80,7,4,3,7,7,1,7
1224,No,3,3,2,3,1,Y,No,3,1,80,10,4,2,10,7,8,9
1225,No,4,3,2,4,1,Y,No,4,2,80,20,3,3,20,11,13,17
1226,No,3,4,1,4,1,Y,No,3,4,80,2,2,3,2,1,2,2
1228,No,4,3,2,4,2,Y,No,3,3,80,12,3,2,6,3,1,4
1231,No,4,4,2,1,7,Y,No,3,1,80,10,3,4,4,3,0,3
1233,No,2,4,2,4,0,Y,Yes,3,2,80,12,3,3,11,7,1,9
1234,No,3,2,1,2,1,Y,No,4,3,80,2,2,3,2,2,2,2
1235,No,4,3,2,3,4,Y,Yes,3,4,80,10,2,3,8,7,0,7
1237,No,3,1,3,1,2,Y,Yes,4,3,80,17,2,3,7,7,7,7
1238,No,1,3,1,4,0,Y,No,3,2,80,15,5,3,14,10,4,10
1239,No,2,2,2,2,7,Y,No,3,2,80,7,2,4,5,1,1,3
1240,No,3,3,2,4,0,Y,No,3,2,80,5,4,3,4,3,1,1
1241,No,4,3,1,2,0,Y,Yes,4,1,80,12,2,3,11,9,5,7
1242,No,1,3,3,1,3,Y,Yes,3,3,80,20,6,3,1,0,0,0
1243,No,3,2,3,4,4,Y,Yes,3,2,80,16,6,2,13,2,4,12
1244,No,1,3,1,1,1,Y,Yes,3,4,80,9,3,2,9,7,6,8
1245,No,4,3,3,3,7,Y,No,3,1,80,33,2,1,5,4,1,4
1246,No,1,4,1,4,1,Y,No,3,4,80,10,5,3,10,5,7,7
1248,Yes,1,2,1,2,1,Y,Yes,4,2,80,1,2,4,1,1,0,0
1249,No,1,3,1,4,1,Y,No,3,1,80,3,5,3,3,2,1,2
1250,No,4,3,4,4,3,Y,No,3,1,80,36,2,3,10,9,0,9
1251,No,3,3,2,1,1,Y,Yes,3,4,80,6,2,2,6,5,0,1
1252,No,3,2,2,1,1,Y,No,3,2,80,10,2,3,10,9,1,8
1254,No,3,2,2,4,5,Y,No,3,4,80,13,2,3,6,1,0,5
1255,No,3,1,5,4,3,Y,No,3,2,80,25,2,3,8,7,0,7
1256,No,1,2,5,3,2,Y,No,3,3,80,23,2,4,1,0,0,0
1257,No,3,3,1,2,1,Y,No,3,3,80,12,2,2,11,10,0,7
1258,No,4,4,1,2,5,Y,No,3,3,80,7,4,2,1,0,0,0
1259,No,1,3,1,3,1,Y,No,3,2,80,5,2,3,5,3,0,3
1260,No,3,3,2,4,1,Y,Yes,3,2,80,6,2,3,6,0,1,0
1263,No,4,2,5,4,6,Y,No,3,3,80,25,3,4,1,0,0,0
1264,No,4,2,4,4,3,Y,No,3,2,80,9,2,2,7,7,1,7
1265,No,3,4,1,3,0,Y,No,3,4,80,2,5,2,1,0,0,0
1267,No,2,3,5,2,7,Y,No,3,3,80,26,5,3,22,9,3,10
1268,No,4,4,3,3,0,Y,Yes,3,4,80,10,3,3,9,8,0,8
1269,No,2,4,1,4,1,Y,Yes,3,4,80,1,2,3,1,0,0,1
1270,No,4,3,1,3,1,Y,No,4,4,80,1,2,3,1,0,0,1
1273,Yes,3,1,1,4,1,Y,Yes,3,4,80,1,4,3,1,0,1,0
1275,No,3,3,1,4,1,Y,Yes,4,2,80,8,2,2,8,5,2,2
1277,Yes,1,1,5,2,2,Y,Yes,3,1,80,26,2,3,24,10,1,11
1278,No,4,2,4,2,1,Y,Yes,3,4,80,34,3,3,33,9,15,0
1279,Yes,1,2,1,3,1,Y,No,4,3,80,2,2,1,2,2,2,2
1280,No,4,2,5,2,2,Y,No,3,3,80,26,2,3,11,4,0,8
1281,No,3,3,2,1,0,Y,Yes,3,4,80,4,3,3,3,2,0,2
1282,No,4,3,5,2,4,Y,Yes,4,1,80,31,5,2,29,10,11,10
1283,No,4,3,3,4,6,Y,No,3,4,80,25,6,2,9,7,5,4
1285,No,3,3,2,2,4,Y,No,3,3,80,15,2,4,11,8,5,10
1286,No,4,3,1,3,0,Y,Yes,3,3,80,5,2,2,4,2,0,2
1288,No,3,4,5,1,1,Y,No,3,4,80,26,4,2,25,9,14,13
1289,No,3,2,2,2,4,Y,No,3,4,80,14,5,4,10,9,1,8
1291,No,3,3,1,3,0,Y,Yes,3,4,80,4,3,3,3,2,2,2
1292,No,2,4,2,2,6,Y,Yes,3,4,80,18,2,3,1,0,0,0
1293,No,4,2,3,4,3,Y,No,3,4,80,23,3,4,21,7,15,17
1294,No,3,3,2,2,9,Y,Yes,3,4,80,18,2,3,16,14,5,12
1295,Yes,1,3,3,4,1,Y,No,3,4,80,10,2,3,10,7,0,5
1296,No,4,2,1,4,1,Y,Yes,3,2,80,2,2,3,2,2,2,2
1297,No,2,2,1,3,0,Y,No,3,2,80,8,6,2,7,0,7,7
1298,No,3,3,2,3,7,Y,Yes,3,3,80,10,3,3,8,4,1,7
1299,Yes,2,3,1,3,3,Y,Yes,3,1,80,10,2,3,7,7,7,7
1301,No,4,3,1,1,2,Y,No,3,2,80,5,2,2,3,2,1,2
1303,No,4,3,1,2,1,Y,No,3,4,80,2,3,2,2,2,2,1
1304,No,3,4,2,4,1,Y,No,3,3,80,10,4,4,10,7,0,8
1306,No,2,3,5,2,3,Y,No,4,3,80,22,4,3,0,0,0,0
1307,No,3,2,4,2,6,Y,Yes,3,4,80,21,4,3,19,9,15,2
1308,No,1,3,1,3,1,Y,No,3,4,80,2,3,3,2,2,2,2
1309,Yes,4,3,2,3,1,Y,No,3,1,80,10,3,3,10,4,1,1
1310,Yes,3,3,1,1,0,Y,No,3,1,80,6,2,3,5,2,0,3
1311,No,1,2,2,4,0,Y,No,3,1,80,10,6,3,9,2,6,7
1312,No,4,3,3,3,3,Y,No,3,1,80,10,0,3,7,7,1,7
1314,No,4,3,1,1,6,Y,No,3,3,80,10,3,4,7,6,5,7
1315,No,3,1,2,4,0,Y,No,3,1,80,10,6,3,9,8,7,5
1317,No,4,3,4,1,4,Y,Yes,3,2,80,25,2,3,3,2,1,2
1318,Yes,4,2,3,2,2,Y,Yes,3,3,80,9,2,3,5,4,1,0
1319,Yes,2,3,3,2,9,Y,Yes,3,3,80,10,2,2,8,7,7,7
1321,No,2,3,3,1,1,Y,Yes,4,4,80,9,2,3,9,1,0,8
1322,No,1,3,2,3,0,Y,No,3,1,80,9,6,3,8,7,1,7
1324,No,4,3,3,3,1,Y,Yes,3,1,80,10,5,2,10,8,9,6
1329,No,3,1,2,2,1,Y,No,3,1,80,19,4,3,19,2,11,9
1331,Yes,4,3,1,2,1,Y,Yes,3,1,80,3,2,4,3,2,2,2
1333,Yes,1,3,1,1,4,Y,No,3,3,80,10,4,4,3,2,1,2
1334,No,3,3,4,3,0,Y,Yes,3,4,80,21,3,2,20,8,2,10
1336,No,4,1,5,3,4,Y,No,3,4,80,23,5,3,19,9,9,11
1338,No,4,3,5,2,6,Y,No,3,1,80,36,4,3,7,3,7,7
1340,No,3,3,1,3,9,Y,No,3,2,80,6,0,3,4,2,0,0
1344,No,4,3,3,4,0,Y,No,3,4,80,10,0,2,9,7,1,6
1346,No,3,3,2,4,1,Y,No,3,3,80,9,4,3,9,8,8,8
1349,No,3,3,2,1,0,Y,No,3,4,80,10,2,3,9,3,1,7
1350,No,3,3,2,3,1,Y,Yes,3,2,80,9,3,3,9,6,1,1
1352,No,3,3,4,2,1,Y,Yes,3,2,80,33,2,3,33,9,0,10
1355,No,2,3,2,1,3,Y,No,3,4,80,11,3,3,7,7,1,7
1356,No,3,3,2,1,1,Y,No,3,4,80,10,6,4,10,8,9,6
1358,No,4,3,1,4,3,Y,No,3,3,80,7,6,2,3,2,1,2
1360,Yes,3,2,3,1,7,Y,Yes,3,4,80,31,0,2,10,9,5,9
1361,No,2,3,1,2,3,Y,No,4,3,80,7,3,3,4,2,0,3
1362,No,1,4,2,1,2,Y,No,3,4,80,17,2,2,15,7,6,13
1363,No,4,3,3,4,1,Y,No,3,3,80,11,2,3,10,9,0,8
1364,No,3,4,1,4,8,Y,No,3,2,80,5,4,3,1,0,0,0
1367,No,4,2,4,2,3,Y,No,3,2,80,29,1,2,5,2,0,3
1368,No,4,3,1,4,1,Y,No,3,3,80,0,5,4,0,0,0,0
1369,No,4,2,2,4,0,Y,No,3,2,80,10,0,3,9,7,0,0
1371,No,4,1,2,4,3,Y,No,4,2,80,8,3,3,6,2,0,0
1372,Yes,1,4,4,3,6,Y,Yes,3,3,80,24,2,2,19,7,3,8
1373,No,4,3,4,2,4,Y,Yes,3,1,80,33,0,3,19,16,15,9
1374,No,1,2,1,3,1,Y,No,4,3,80,5,2,3,5,4,0,0
1375,No,2,4,2,3,5,Y,No,4,2,80,15,0,3,12,11,11,8
1377,No,2,3,2,3,4,Y,No,3,1,80,10,1,3,8,7,7,7
1379,Yes,3,2,1,4,7,Y,No,3,3,80,3,3,4,1,0,0,0
1380,Yes,4,3,2,3,0,Y,Yes,3,3,80,5,0,2,4,2,3,2
1382,No,4,4,1,3,1,Y,No,3,4,80,4,2,3,4,2,0,3
1383,No,3,3,2,4,1,Y,No,3,4,80,14,2,4,14,11,4,11
1387,No,3,2,2,1,1,Y,No,3,3,80,5,0,3,5,3,0,4
1389,Yes,4,3,2,3,1,Y,Yes,3,4,80,10,3,2,10,2,6,7
1390,No,1,2,2,4,3,Y,Yes,3,4,80,8,2,4,5,4,1,4
1391,No,2,3,3,2,2,Y,No,3,2,80,14,5,3,4,2,3,2
1392,No,4,3,2,4,3,Y,Yes,3,1,80,12,4,2,6,2,3,3
1394,No,3,3,1,3,7,Y,Yes,3,4,80,8,2,3,6,4,1,3
1395,No,2,3,2,4,6,Y,No,3,1,80,8,2,4,5,4,1,2
1396,No,3,3,2,2,0,Y,Yes,3,1,80,4,3,2,3,2,1,2
1397,No,3,3,3,3,3,Y,No,4,2,80,13,2,3,6,4,0,5
1399,No,1,4,2,3,2,Y,No,3,2,80,6,3,2,3,2,1,2
1401,No,4,4,4,3,2,Y,Yes,3,2,80,24,3,2,5,3,0,2
1402,No,1,2,2,3,1,Y,Yes,3,1,80,20,3,1,20,7,1,8
1403,No,4,2,2,4,1,Y,Yes,3,4,80,6,3,3,6,2,4,4
1405,Yes,4,3,1,3,1,Y,Yes,3,4,80,8,2,3,8,2,7,7
1407,No,1,2,1,4,0,Y,No,3,4,80,5,2,3,4,3,1,1
1408,No,3,3,4,1,0,Y,No,3,3,80,21,5,3,20,7,0,9
1409,No,3,3,1,1,9,Y,No,3,3,80,12,2,1,5,4,0,4
1411,No,1,3,1,3,4,Y,No,3,1,80,8,6,3,3,2,0,2
1412,No,3,3,3,4,2,Y,No,3,3,80,10,2,3,2,2,2,2
1415,No,1,3,1,4,4,Y,No,3,2,80,7,2,2,3,2,0,2
1417,No,3,4,1,1,0,Y,No,3,4,80,8,2,3,7,7,0,7
1419,No,2,2,3,1,1,Y,No,3,1,80,10,3,2,10,9,0,9
1420,Yes,1,2,2,1,3,Y,No,4,1,80,20,2,3,4,3,1,3
1421,Yes,3,3,3,4,0,Y,Yes,3,1,80,9,1,3,8,7,7,7
1422,No,4,3,4,4,6,Y,No,3,4,80,29,3,2,20,7,12,7
1423,No,4,3,5,1,3,Y,Yes,4,3,80,32,3,3,9,8,1,5
1424,No,2,4,4,4,2,Y,No,3,4,80,31,4,4,7,7,0,0
1425,No,1,3,2,2,3,Y,Yes,3,4,80,15,3,3,5,4,0,1
1427,Yes,2,1,1,3,1,Y,No,3,2,80,1,3,3,1,0,0,0
1428,No,4,3,2,1,7,Y,No,3,2,80,8,3,3,3,2,0,2
1430,No,1,3,4,2,3,Y,No,3,3,80,9,3,4,3,2,1,0
1431,No,4,3,1,1,5,Y,No,3,3,80,10,2,3,4,3,1,3
1433,Yes,1,2,1,2,1,Y,No,3,3,80,1,3,4,1,0,0,0
1434,No,2,3,1,1,0,Y,No,3,2,80,6,3,4,5,0,1,4
1435,No,1,2,2,4,1,Y,No,3,3,80,10,2,2,10,4,1,8
1436,No,3,2,2,1,4,Y,No,3,1,80,11,3,2,3,2,0,2
1438,No,1,3,1,4,7,Y,No,3,3,80,17,2,2,6,5,1,2
1439,Yes,1,2,1,1,3,Y,No,3,1,80,6,2,3,3,2,2,2
1440,No,3,4,1,3,0,Y,No,3,1,80,7,2,1,6,5,1,3
1441,No,1,3,1,1,2,Y,No,4,4,80,5,3,4,3,2,1,0
1443,No,1,3,4,3,3,Y,No,3,2,80,26,2,4,20,17,5,6
1445,No,4,3,2,3,1,Y,Yes,3,3,80,5,3,3,5,4,0,3
1446,No,4,3,2,4,4,Y,No,3,3,80,7,3,2,4,3,0,3
1447,No,4,2,1,2,5,Y,No,3,1,80,7,2,2,5,4,0,2
1448,No,2,4,1,3,2,Y,Yes,3,1,80,7,5,2,4,2,0,3
1449,No,3,3,2,3,3,Y,No,3,3,80,11,2,4,8,7,0,7
1453,No,1,3,3,4,1,Y,No,3,1,80,13,5,3,13,7,9,9
1457,Yes,1,3,3,4,4,Y,No,3,1,80,28,1,4,7,7,4,3
1458,Yes,1,2,1,1,2,Y,Yes,4,2,80,11,2,4,1,0,0,0
1459,Yes,3,4,3,2,1,Y,No,3,1,80,10,2,3,10,8,4,7
1460,No,2,1,3,1,2,Y,Yes,3,2,80,24,2,3,7,7,0,7
1461,No,4,4,1,2,9,Y,No,3,4,80,8,3,3,3,2,0,2
1464,Yes,2,3,1,4,6,Y,Yes,3,3,80,7,2,1,2,2,2,2
1465,No,2,3,3,4,4,Y,Yes,3,4,80,10,4,4,3,1,1,2
1466,No,3,3,2,1,4,Y,No,3,1,80,15,3,3,2,2,2,2
1467,Yes,1,3,1,3,1,Y,No,3,4,80,2,0,3,2,2,2,2
1468,No,4,2,3,2,2,Y,No,3,3,80,16,5,3,9,8,4,8
1469,No,4,3,2,1,0,Y,No,3,4,80,6,4,3,5,4,1,3
1471,No,3,2,1,3,3,Y,No,3,4,80,7,5,3,5,2,0,3
1472,No,4,4,4,2,4,Y,No,3,2,80,35,2,2,9,8,8,8
1473,No,1,3,2,3,2,Y,No,3,2,80,20,0,2,3,2,1,2
1474,No,3,3,1,3,2,Y,No,3,3,80,8,3,4,3,1,1,2
1475,No,4,3,1,2,1,Y,No,3,3,80,6,3,2,5,2,1,3
1477,No,4,3,2,1,0,Y,No,3,1,80,5,2,3,4,3,0,3
1478,No,4,1,2,1,3,Y,No,3,4,80,15,2,3,13,9,3,12
1479,No,4,3,2,3,8,Y,No,3,3,80,4,2,2,2,1,2,2
1480,No,1,3,1,4,1,Y,No,3,3,80,12,3,3,12,9,5,8
1481,No,1,3,2,3,7,Y,No,3,3,80,11,4,2,1,0,0,0
1482,No,3,3,1,3,1,Y,No,3,2,80,1,2,2,1,0,0,0
1483,No,2,4,2,3,0,Y,No,4,1,80,13,2,2,12,9,2,8
1484,No,3,3,3,2,3,Y,No,3,2,80,29,3,3,8,7,0,7
1485,No,2,3,4,1,7,Y,No,3,4,80,16,3,2,14,8,6,9
1486,Yes,1,3,1,3,3,Y,No,3,4,80,5,3,4,3,2,1,2
1487,Yes,1,3,2,2,5,Y,No,3,1,80,7,4,1,5,3,0,0
1489,Yes,1,2,2,2,0,Y,Yes,4,3,80,16,2,4,15,9,10,10
1492,No,4,3,1,3,1,Y,No,3,1,80,1,3,3,1,0,0,0
1494,Yes,2,3,1,1,2,Y,Yes,3,3,80,4,2,2,0,0,0,0
1495,No,4,3,1,2,1,Y,No,3,3,80,1,2,3,1,0,0,0
1496,No,2,3,3,3,5,Y,Yes,3,2,80,16,2,2,2,2,2,2
1497,No,3,2,2,3,1,Y,No,3,3,80,10,3,3,10,7,0,4
1499,No,3,3,1,3,0,Y,No,4,1,80,6,3,4,5,3,1,3
1501,No,4,3,2,3,0,Y,Yes,3,2,80,4,2,3,3,2,1,2
1502,No,1,2,1,2,8,Y,No,3,4,80,8,5,3,5,4,0,2
1503,No,3,3,2,3,3,Y,Yes,3,3,80,11,4,2,5,4,1,2
1504,Yes,3,2,1,1,7,Y,No,3,3,80,8,2,2,0,0,0,0
1506,No,1,2,1,3,1,Y,No,3,4,80,1,2,1,1,0,0,0
1507,No,3,3,2,1,0,Y,No,3,4,80,5,5,3,4,2,1,3
1509,No,3,2,2,1,4,Y,No,4,1,80,10,3,3,3,2,1,2
1513,No,4,3,1,2,0,Y,No,3,3,80,4,3,3,3,2,0,2
1514,No,3,1,2,2,1,Y,No,3,2,80,8,2,2,8,6,1,7
1515,No,4,3,2,3,2,Y,Yes,3,1,80,14,6,3,0,0,0,0
1516,No,3,3,3,4,2,Y,No,4,2,80,10,5,4,5,2,0,0
1520,No,2,3,4,4,3,Y,No,4,1,80,26,2,3,14,9,1,12
1522,Yes,1,2,1,1,6,Y,No,3,3,80,11,2,1,9,7,0,7
1523,No,4,3,4,1,3,Y,No,3,3,80,24,1,4,20,6,14,17
1525,No,2,3,3,2,4,Y,No,3,4,80,9,3,3,2,0,2,2
1527,No,3,3,4,2,8,Y,No,3,4,80,23,2,4,13,12,5,1
1529,No,4,2,3,2,1,Y,No,3,4,80,11,3,1,11,8,3,3
1533,No,1,3,2,3,0,Y,No,3,2,80,5,2,3,4,3,1,2
1534,Yes,4,3,1,1,3,Y,No,3,2,80,15,3,1,5,4,1,0
1535,No,4,2,3,3,1,Y,Yes,3,4,80,10,3,3,10,9,8,6
1537,Yes,4,3,1,3,1,Y,No,3,1,80,7,2,1,7,2,7,7
1539,No,3,1,4,4,1,Y,Yes,3,4,80,32,2,3,32,6,13,9
1541,No,2,3,1,3,0,Y,Yes,4,2,80,12,4,3,11,10,5,7
1542,No,3,2,1,2,4,Y,No,3,2,80,4,3,3,1,0,0,0
1543,No,1,3,2,4,1,Y,No,3,1,80,10,2,3,10,8,3,7
1544,No,3,1,2,1,3,Y,No,3,3,80,9,3,3,7,7,0,7
1545,No,4,2,2,2,1,Y,No,3,4,80,5,2,3,5,3,0,2
1546,No,4,3,1,4,4,Y,No,4,4,80,8,3,3,5,4,0,3
1547,No,4,3,3,4,2,Y,Yes,3,3,80,24,3,1,20,8,13,9
1548,No,1,3,2,1,0,Y,No,3,4,80,9,5,4,8,4,7,1
1549,No,2,3,2,3,1,Y,Yes,3,2,80,15,3,3,15,14,5,7
1550,No,3,3,4,4,1,Y,Yes,4,4,80,21,2,3,21,7,7,7
1551,No,3,2,1,1,0,Y,No,3,2,80,2,3,3,1,1,0,0
1552,No,4,3,2,4,3,Y,Yes,3,3,80,8,2,3,2,2,2,2
1553,No,1,3,3,2,1,Y,No,3,1,80,10,4,3,10,8,7,7
1554,No,2,2,1,3,0,Y,No,4,1,80,6,5,3,5,3,4,2
1555,No,4,2,2,2,3,Y,No,3,1,80,12,2,3,7,1,2,5
1556,No,3,3,1,4,3,Y,Yes,4,4,80,7,3,2,3,2,1,2
1557,No,3,3,2,3,8,Y,No,3,3,80,18,2,3,8,7,7,7
1558,No,3,4,1,3,6,Y,No,3,1,80,5,2,2,1,0,0,0
1560,No,1,3,2,1,2,Y,No,3,4,80,8,6,1,2,2,2,2
1562,Yes,2,2,2,1,1,Y,No,3,4,80,10,4,3,10,8,6,7
1563,No,3,3,2,3,3,Y,No,3,3,80,10,2,3,6,3,1,2
1564,No,4,2,1,1,1,Y,No,3,2,80,3,3,3,3,0,1,2
1568,No,3,3,3,2,3,Y,No,3,2,80,9,3,3,4,2,1,3
1569,Yes,1,3,1,1,1,Y,Yes,3,4,80,1,2,3,1,0,0,0
1572,Yes,3,2,3,4,0,Y,No,3,2,80,34,4,3,33,7,1,9
1573,Yes,3,3,2,2,4,Y,No,3,1,80,7,2,3,5,2,1,4
1574,No,4,3,2,1,4,Y,No,3,2,80,9,3,2,6,5,1,2
1576,No,3,3,1,1,8,Y,No,3,4,80,10,3,2,8,2,7,6
1577,No,1,3,1,4,1,Y,No,3,3,80,1,4,1,1,0,0,0
1578,No,3,2,5,4,1,Y,No,4,3,80,36,3,3,36,6,2,13
1580,No,2,3,2,4,9,Y,No,3,2,80,9,3,2,2,2,2,1
1581,No,1,3,1,4,1,Y,No,4,1,80,1,5,3,1,0,0,0
1582,No,3,3,2,2,0,Y,No,3,4,80,10,3,3,9,8,7,7
1583,No,2,3,2,2,2,Y,No,3,2,80,8,5,4,3,2,1,2
1585,No,2,3,2,3,6,Y,No,3,1,80,15,5,3,1,0,0,0
1586,No,2,3,1,1,1,Y,Yes,3,4,80,10,3,3,10,9,1,5
1587,No,1,3,2,3,3,Y,Yes,3,3,80,10,4,3,5,2,0,4
1588,No,4,4,3,3,2,Y,No,3,1,80,11,3,3,7,6,7,6
1590,No,1,3,2,4,1,Y,No,3,4,80,6,0,4,6,4,1,3
1591,No,3,3,5,3,4,Y,Yes,3,3,80,27,2,3,1,0,0,0
1592,No,4,4,1,3,2,Y,No,3,4,80,4,2,3,2,2,2,2
1594,No,1,4,2,1,3,Y,Yes,3,4,80,9,3,3,3,2,0,2
1595,No,4,2,5,4,8,Y,No,4,4,80,24,2,3,1,0,0,1
1596,No,2,4,2,3,1,Y,No,3,4,80,10,3,2,10,9,6,8
1597,No,4,2,2,3,1,Y,No,3,2,80,8,3,2,8,2,7,7
1598,No,4,3,2,1,1,Y,No,3,3,80,5,2,3,5,4,1,2
1599,No,4,4,1,2,5,Y,No,3,3,80,8,0,3,6,4,0,2
1601,No,3,2,1,4,1,Y,No,3,4,80,1,5,2,1,0,0,1
1602,No,4,4,4,1,1,Y,No,3,2,80,27,5,1,26,0,0,12
1604,Yes,3,3,1,2,1,Y,Yes,3,3,80,1,3,3,1,1,0,0
1605,No,2,2,1,3,1,Y,Yes,3,2,80,4,2,2,4,2,1,3
1606,No,2,3,4,3,2,Y,Yes,3,3,80,32,3,3,30,8,12,13
1607,No,2,4,1,4,3,Y,No,3,4,80,6,3,3,3,2,0,2
1608,No,2,3,5,4,0,Y,Yes,3,4,80,23,4,2,22,7,1,10
1609,No,2,2,1,2,1,Y,No,3,2,80,6,3,2,6,4,1,1
1611,No,3,1,2,1,1,Y,Yes,3,1,80,10,3,3,10,7,1,4
1612,No,1,2,2,1,1,Y,No,3,1,80,10,2,3,10,7,4,5
1613,No,4,3,2,1,7,Y,No,3,4,80,10,3,3,5,2,0,3
1614,No,3,3,2,3,9,Y,Yes,3,2,80,7,2,3,3,2,1,1
1615,No,3,4,2,4,1,Y,No,3,1,80,9,3,3,9,7,7,2
1617,No,3,3,1,1,1,Y,No,3,4,80,10,3,2,9,6,1,4
1618,No,2,3,2,1,2,Y,No,3,4,80,10,3,3,7,7,7,7
1619,No,4,2,1,1,1,Y,No,3,1,80,7,3,3,7,7,0,7
1621,No,2,4,2,1,1,Y,No,3,4,80,16,2,3,16,15,1,10
1622,No,2,1,2,1,0,Y,No,4,2,80,6,5,2,5,3,0,0
1623,No,3,3,1,4,1,Y,No,3,3,80,3,2,3,2,2,2,2
1624,Yes,2,3,1,4,1,Y,Yes,3,3,80,0,2,4,0,0,0,0
1625,No,4,3,5,3,3,Y,No,3,3,80,27,2,3,5,2,1,0
1627,No,3,2,2,3,0,Y,No,3,4,80,11,3,3,10,8,0,7
1628,No,1,2,3,3,1,Y,No,3,4,80,18,2,3,18,15,14,12
1630,No,3,3,2,3,1,Y,No,3,4,80,15,5,3,14,11,2,9
1631,No,3,3,2,3,3,Y,No,3,1,80,9,2,2,4,3,0,2
1633,No,1,3,2,3,0,Y,No,3,4,80,10,2,1,9,2,3,8
1635,No,4,2,2,4,1,Y,No,3,1,80,10,3,3,10,7,3,9
1638,No,4,2,3,3,3,Y,Yes,3,4,80,10,6,4,5,4,0,2
1639,Yes,4,2,3,1,9,Y,No,3,3,80,15,3,3,13,12,6,0
1640,No,2,3,1,2,1,Y,No,3,1,80,8,2,1,8,4,7,7
1641,No,3,3,3,4,6,Y,Yes,3,4,80,18,2,2,4,2,3,3
1642,No,1,3,2,4,4,Y,Yes,3,3,80,14,3,3,10,7,0,2
1644,No,3,2,4,4,2,Y,No,4,2,80,23,3,3,2,2,2,2
1645,Yes,1,1,2,4,6,Y,Yes,3,4,80,7,2,2,2,2,2,2
1646,No,1,3,1,4,1,Y,Yes,3,3,80,6,2,3,6,3,1,3
1647,No,2,4,1,3,7,Y,No,3,1,80,5,0,3,3,2,0,2
1648,No,4,3,1,4,2,Y,No,3,3,80,6,0,2,4,2,1,2
1649,Yes,1,3,1,1,3,Y,Yes,3,2,80,10,3,1,4,2,0,3
1650,No,3,2,2,3,9,Y,No,3,3,80,8,2,3,5,2,1,4
1651,No,2,3,3,1,4,Y,No,3,3,80,9,6,3,3,2,0,2
1653,No,4,4,2,3,1,Y,No,3,3,80,7,6,3,7,7,0,7
1654,No,4,3,2,2,4,Y,No,4,3,80,7,3,3,5,4,1,0
1655,No,1,3,4,2,3,Y,No,3,2,80,27,2,3,4,2,1,2
1656,No,4,2,3,1,5,Y,No,3,3,80,19,3,3,14,11,1,11
1657,No,3,3,1,3,1,Y,No,3,1,80,2,3,3,2,2,2,2
1658,No,4,3,2,2,1,Y,No,3,3,80,11,2,3,11,8,7,9
1659,No,1,3,1,2,2,Y,No,3,3,80,15,4,3,4,3,1,3
1661,No,3,2,4,3,2,Y,Yes,3,2,80,30,3,3,15,11,2,12
1662,No,4,2,2,3,0,Y,No,3,3,80,4,6,3,3,2,1,2
1664,No,4,4,2,1,6,Y,No,4,1,80,13,3,3,5,4,0,4
1665,No,2,3,4,3,3,Y,No,4,3,80,36,6,3,10,8,4,7
1666,No,3,2,4,3,1,Y,No,4,1,80,14,3,3,14,10,6,11
1667,Yes,4,3,2,4,3,Y,Yes,4,1,80,13,2,4,11,9,6,7
1668,No,4,3,2,4,7,Y,No,3,4,80,19,4,4,13,11,2,9
1669,No,1,2,2,2,1,Y,Yes,3,2,80,10,3,2,10,0,0,9
1670,No,4,3,2,4,1,Y,No,3,3,80,6,5,3,6,2,0,4
1671,No,4,3,2,2,0,Y,No,3,3,80,10,4,2,9,5,1,6
1673,No,1,3,2,4,1,Y,No,3,1,80,10,2,3,10,0,0,2
1674,No,4,3,1,1,4,Y,Yes,3,2,80,17,2,2,2,2,2,2
1675,No,4,2,1,2,1,Y,No,4,2,80,4,3,3,4,3,3,3
1676,No,2,4,4,2,6,Y,No,3,3,80,29,2,3,3,2,1,2
1677,No,3,3,4,3,4,Y,No,3,1,80,23,2,3,8,7,0,0
1678,No,4,3,3,3,3,Y,Yes,3,4,80,21,2,3,2,0,0,2
1680,No,4,3,1,1,1,Y,No,3,1,80,2,3,3,2,2,0,2
1681,No,3,3,2,4,1,Y,Yes,4,3,80,7,2,3,6,5,1,2
1682,No,1,3,2,3,6,Y,No,3,2,80,10,2,2,3,2,0,2
1683,No,3,3,1,4,4,Y,Yes,3,1,80,8,2,3,2,2,2,2
1684,Yes,4,2,1,3,1,Y,Yes,3,1,80,5,2,3,5,4,1,2
1687,No,4,3,1,3,7,Y,No,3,4,80,7,5,2,0,0,0,0
1689,No,2,4,3,4,3,Y,No,3,3,80,11,2,3,4,3,1,2
1691,Yes,4,3,1,3,2,Y,Yes,3,3,80,19,3,3,9,7,7,7
1692,Yes,4,3,1,2,1,Y,No,3,1,80,1,2,3,1,0,0,0
1693,No,4,3,1,4,1,Y,No,4,3,80,7,5,3,7,7,5,7
1694,No,1,2,1,2,5,Y,No,3,4,80,8,1,3,4,2,1,2
1696,No,2,2,2,4,1,Y,No,3,3,80,15,3,4,15,10,4,13
1697,No,3,1,3,4,3,Y,No,4,3,80,19,2,4,1,0,0,0
1698,No,2,4,1,2,1,Y,No,3,4,80,14,6,3,14,11,2,13
1700,No,3,1,2,4,1,Y,No,3,3,80,6,2,2,6,3,1,3
1701,No,2,2,1,4,1,Y,No,3,2,80,10,3,3,10,9,8,7
1702,Yes,3,3,1,4,1,Y,Yes,4,2,80,3,2,3,3,2,0,2
1703,No,3,4,3,4,1,Y,Yes,3,2,80,9,2,3,8,7,6,7
1704,No,1,2,1,4,0,Y,Yes,3,3,80,6,2,4,5,4,1,4
1706,No,4,3,2,4,1,Y,Yes,3,1,80,10,3,3,10,9,8,8
1707,No,3,4,1,3,1,Y,No,3,4,80,5,1,3,5,3,0,4
1708,No,4,3,3,3,1,Y,No,3,2,80,10,3,3,10,8,8,7
1709,No,4,3,1,3,9,Y,No,3,3,80,9,2,3,5,3,1,2
1710,No,3,3,2,4,3,Y,No,3,3,80,17,2,2,13,7,6,7
1712,No,3,2,3,3,3,Y,No,4,4,80,25,3,2,23,15,14,4
1714,Yes,4,1,1,3,1,Y,No,3,3,80,1,2,3,1,0,0,0
1716,Yes,3,1,4,3,7,Y,No,3,3,80,25,3,1,23,5,14,10
1718,No,4,1,1,3,1,Y,No,3,3,80,3,3,4,3,2,0,2
1719,No,4,2,4,2,1,Y,No,3,3,80,21,2,3,21,6,8,6
1720,No,1,3,1,3,6,Y,No,3,1,80,10,3,2,5,2,1,3
1721,No,2,3,1,3,1,Y,No,3,4,80,6,2,4,5,2,0,3
1722,No,3,1,2,2,6,Y,No,3,2,80,10,4,3,3,2,1,2
1724,No,2,3,2,1,2,Y,Yes,3,2,80,18,3,3,1,0,0,0
1725,No,2,3,1,1,1,Y,No,3,2,80,6,2,4,6,2,1,2
1727,No,3,3,2,2,6,Y,No,3,4,80,19,3,3,10,7,0,9
1728,No,4,3,2,3,2,Y,No,3,2,80,17,3,3,7,7,0,7
1729,No,2,3,1,4,1,Y,No,3,2,80,10,2,2,10,0,0,8
1731,No,3,3,2,2,7,Y,No,3,4,80,4,3,1,1,0,0,0
1732,No,3,3,3,4,4,Y,Yes,3,2,80,13,5,2,10,6,0,3
1733,Yes,2,2,2,1,5,Y,Yes,3,2,80,16,3,3,2,2,2,2
1734,Yes,1,1,2,2,6,Y,No,3,2,80,10,2,3,0,0,0,0
1735,No,3,3,1,2,1,Y,No,3,3,80,3,3,1,3,2,1,2
1736,No,4,3,2,4,2,Y,No,4,4,80,9,3,2,5,4,1,4
1737,No,4,3,2,4,1,Y,Yes,3,4,80,9,2,3,9,8,5,8
1739,No,4,1,3,3,3,Y,No,3,3,80,10,2,1,4,3,0,2
1740,No,2,3,5,2,1,Y,No,3,2,80,21,3,2,21,8,12,8
1744,No,3,1,3,3,4,Y,No,4,3,80,9,2,4,5,0,0,3
1745,No,4,2,1,1,0,Y,No,3,4,80,10,2,3,9,7,0,7
1746,No,1,3,1,4,0,Y,No,3,4,80,3,2,3,2,2,2,1
1747,Yes,3,2,1,4,6,Y,No,3,3,80,6,0,2,4,2,1,2
1749,No,1,3,2,3,1,Y,No,3,3,80,6,3,3,5,2,0,2
1751,No,3,3,1,4,1,Y,No,3,3,80,6,5,2,6,2,1,4
1752,Yes,2,1,1,2,1,Y,No,3,3,80,2,3,3,2,2,2,2
1753,No,4,4,2,3,8,Y,Yes,3,4,80,10,5,4,3,2,0,2
1754,No,3,2,3,1,2,Y,No,3,1,80,12,2,3,7,7,1,7
1755,No,4,4,1,4,0,Y,Yes,3,1,80,6,3,3,5,0,1,2
1756,No,4,3,2,2,8,Y,No,3,4,80,13,2,2,11,7,1,7
1757,No,4,3,2,4,3,Y,No,3,3,80,8,1,4,5,1,0,4
1758,Yes,1,3,3,1,2,Y,Yes,4,3,80,11,2,2,0,0,0,0
1760,No,3,2,1,2,4,Y,No,3,2,80,9,4,2,6,1,0,5
1761,Yes,1,3,3,3,2,Y,No,3,1,80,10,2,3,1,0,0,0
1762,No,4,2,1,1,1,Y,No,3,3,80,1,2,3,1,0,0,0
1763,No,3,4,2,3,3,Y,No,3,3,80,10,3,3,7,0,1,7
1764,No,2,3,1,2,2,Y,No,3,2,80,12,3,3,7,7,0,7
1766,No,2,1,2,4,3,Y,Yes,3,3,80,15,2,3,1,0,1,0
1767,Yes,3,2,1,3,9,Y,Yes,3,4,80,6,4,3,1,0,0,0
1768,No,2,3,1,2,8,Y,No,4,2,80,7,6,2,5,3,0,4
1770,No,3,2,5,1,8,Y,No,3,2,80,34,2,3,1,0,0,0
1771,No,4,3,2,2,5,Y,No,3,4,80,11,2,2,9,8,1,7
1772,No,3,3,1,1,1,Y,No,4,2,80,5,2,3,5,3,0,4
1774,No,4,3,2,3,1,Y,Yes,3,3,80,15,3,3,15,14,0,7
1775,No,1,2,4,3,4,Y,Yes,4,4,80,27,2,2,3,2,0,2
1778,No,2,3,1,4,0,Y,No,3,2,80,10,5,3,9,7,1,8
1779,No,4,1,2,4,5,Y,No,3,1,80,6,3,3,2,2,2,2
1780,Yes,2,3,1,2,1,Y,No,3,2,80,1,3,3,1,0,1,0
1782,No,4,2,1,3,1,Y,No,3,2,80,5,3,3,5,4,0,4
1783,Yes,3,3,1,1,1,Y,Yes,3,3,80,1,6,3,1,0,0,0
1784,No,1,2,2,4,1,Y,No,3,1,80,13,3,3,12,7,5,7
1786,No,1,3,3,3,2,Y,No,3,4,80,15,2,3,2,2,2,2
1787,No,2,2,2,2,1,Y,No,3,1,80,5,2,3,5,2,0,3
1789,No,3,3,5,4,7,Y,Yes,3,3,80,24,3,3,2,1,2,2
1790,No,4,3,3,1,7,Y,Yes,3,4,80,15,1,3,12,8,5,7
1792,Yes,3,3,1,2,1,Y,Yes,3,3,80,6,2,2,5,3,2,3
1794,No,3,3,2,2,2,Y,No,3,3,80,19,4,2,10,0,4,7
1797,Yes,3,3,2,4,1,Y,Yes,3,4,80,10,2,3,10,7,7,7
1798,No,4,4,1,1,6,Y,No,3,2,80,14,1,3,10,8,7,6
1799,No,3,3,1,4,1,Y,No,3,3,80,5,6,4,5,3,0,3
1800,No,3,3,3,3,7,Y,No,4,3,80,9,3,3,4,3,2,2
1801,No,2,2,2,2,8,Y,No,3,3,80,6,3,3,2,2,2,2
1802,No,3,3,1,1,4,Y,No,3,4,80,7,5,2,4,3,0,2
1803,No,2,4,2,1,5,Y,No,3,3,80,10,2,2,0,0,0,0
1804,No,2,3,2,4,2,Y,No,3,3,80,15,6,3,7,7,1,7
1805,No,1,3,1,2,5,Y,No,3,4,80,13,3,3,11,10,3,8
1807,Yes,4,3,2,1,4,Y,No,3,3,80,11,3,2,7,1,0,7
1809,Yes,4,3,2,1,1,Y,No,3,2,80,10,4,1,10,3,0,8
1812,No,3,3,2,4,2,Y,No,3,4,80,7,6,3,2,1,2,2
1813,No,1,3,1,3,4,Y,No,3,3,80,7,2,2,3,2,1,2
1814,No,2,4,2,2,3,Y,No,3,1,80,11,3,1,3,2,1,2
1815,No,3,3,3,3,0,Y,Yes,3,4,80,23,3,4,22,14,13,5
1816,No,1,3,3,3,9,Y,No,3,2,80,9,3,3,7,7,0,2
1818,Yes,4,3,1,2,0,Y,Yes,3,3,80,6,3,3,5,1,1,4
1821,Yes,4,3,2,2,4,Y,No,4,4,80,13,2,4,9,7,3,7
1822,No,3,3,2,4,4,Y,No,3,4,80,12,3,3,5,3,0,3
1823,No,2,4,2,3,1,Y,No,4,3,80,10,5,3,10,8,4,8
1824,No,2,3,4,2,4,Y,No,4,4,80,37,0,2,16,9,14,14
1826,No,2,1,1,3,0,Y,No,3,2,80,6,2,4,5,4,0,3
1827,No,3,2,3,2,8,Y,Yes,3,3,80,28,4,3,22,11,14,10
1829,No,2,3,2,1,2,Y,No,3,2,80,15,3,3,7,4,7,7
1830,No,4,3,2,4,4,Y,No,3,2,80,14,2,2,7,1,1,7
1833,No,1,3,3,1,2,Y,No,3,4,80,9,3,3,3,2,2,2
1834,No,3,3,1,1,1,Y,No,4,3,80,3,3,3,3,2,1,2
1835,No,2,1,2,4,2,Y,Yes,4,1,80,20,4,2,4,2,0,3
1836,No,3,3,2,4,1,Y,No,3,1,80,5,4,3,5,3,1,2
1837,No,1,3,4,3,2,Y,Yes,3,2,80,23,3,3,2,2,2,2
1839,No,2,3,1,3,1,Y,No,3,3,80,0,4,1,0,0,0,0
1842,Yes,4,4,1,1,0,Y,No,3,3,80,2,4,3,1,0,0,0
1844,Yes,1,2,1,1,4,Y,Yes,3,4,80,4,3,3,2,2,2,0
1845,No,3,3,2,3,4,Y,No,4,2,80,10,3,4,8,7,5,7
1847,No,4,3,2,2,4,Y,Yes,4,4,80,15,2,3,1,0,0,0
1849,No,1,3,2,4,1,Y,No,4,3,80,7,5,3,7,7,7,7
1850,No,4,3,1,4,0,Y,Yes,3,3,80,6,3,2,5,4,0,2
1852,No,4,3,1,4,1,Y,No,3,2,80,11,3,4,11,8,3,10
1853,No,4,3,2,4,8,Y,No,3,3,80,4,2,4,0,0,0,0
1854,No,3,3,1,3,3,Y,No,4,2,80,10,1,2,6,3,3,3
1856,No,2,3,1,3,4,Y,No,3,3,80,7,2,3,2,2,2,0
1857,No,4,3,3,4,3,Y,No,3,3,80,12,4,2,9,8,4,7
1858,No,3,3,1,4,1,Y,No,3,2,80,3,2,3,3,2,2,2
1859,No,4,1,2,3,8,Y,No,3,4,80,11,3,3,7,0,1,6
1860,No,4,3,1,3,4,Y,No,3,4,80,8,3,3,0,0,0,0
1862,Yes,3,2,2,2,7,Y,Yes,3,3,80,7,3,2,2,2,2,2
1863,No,1,4,4,1,2,Y,No,3,4,80,25,5,3,19,17,2,8
1864,No,2,2,2,3,1,Y,No,4,4,80,9,5,3,9,8,5,8
1865,No,4,2,1,2,1,Y,No,3,4,80,1,3,3,1,0,0,0
1866,No,1,2,5,3,7,Y,No,3,4,80,21,2,3,16,12,6,14
1867,No,4,2,5,2,4,Y,No,3,4,80,29,3,3,22,10,12,9
1868,Yes,4,2,1,4,1,Y,Yes,4,2,80,1,3,2,1,0,1,0
1869,Yes,3,3,3,2,5,Y,No,4,3,80,14,2,3,8,7,0,7
1870,No,4,2,1,1,0,Y,No,3,4,80,8,2,2,7,6,7,3
1871,No,4,3,2,4,8,Y,No,3,2,80,7,2,3,2,2,2,2
1873,No,2,2,1,4,8,Y,No,4,2,80,19,2,4,5,2,0,4
1875,No,2,3,1,2,1,Y,No,3,4,80,1,3,3,1,0,0,0
1876,Yes,2,3,1,4,1,Y,No,3,3,80,1,3,2,1,0,0,0
1878,Yes,4,3,1,2,1,Y,Yes,4,1,80,1,2,3,1,0,0,0
1880,No,2,2,2,3,1,Y,Yes,3,1,80,10,4,3,10,9,1,7
1881,No,2,3,2,3,1,Y,No,3,1,80,10,2,3,10,8,0,2
1882,No,3,3,3,4,2,Y,Yes,3,4,80,9,3,3,5,3,1,0
1883,No,4,3,1,1,3,Y,No,3,2,80,11,2,3,3,2,1,2
1885,No,4,3,2,1,5,Y,Yes,4,3,80,16,2,3,5,3,0,4
1886,No,4,2,2,2,0,Y,Yes,3,4,80,4,2,3,3,2,0,2
1888,No,2,2,2,4,0,Y,No,3,4,80,10,2,2,9,8,3,8
1890,No,2,2,2,4,1,Y,No,4,4,80,10,2,2,10,1,0,8
1892,No,1,3,4,1,2,Y,No,3,1,80,22,3,3,19,7,11,16
1893,No,2,2,1,3,1,Y,Yes,3,3,80,1,3,2,1,0,1,0
1898,No,1,4,2,3,0,Y,No,3,2,80,9,5,2,8,7,0,7
1900,No,4,3,4,4,3,Y,No,3,2,80,24,3,3,22,17,4,7
1903,No,2,4,2,1,2,Y,No,3,4,80,10,5,3,2,0,2,2
1905,Yes,4,1,1,1,1,Y,Yes,4,2,80,5,2,3,5,2,3,0
1907,Yes,1,3,1,4,1,Y,No,3,4,80,5,3,3,4,2,1,0
1908,No,3,2,2,2,2,Y,No,3,3,80,12,1,1,4,2,1,3
1909,No,3,3,2,2,5,Y,No,4,3,80,14,3,3,5,4,1,4
1911,No,3,3,3,1,9,Y,No,3,2,80,18,3,4,13,7,5,7
1912,No,3,3,2,4,2,Y,Yes,3,4,80,8,2,3,5,2,1,4
1915,No,4,2,2,4,3,Y,Yes,3,3,80,9,3,2,4,2,0,1
1916,No,1,4,1,3,8,Y,No,3,2,80,4,0,2,2,2,2,2
1918,No,3,4,1,4,0,Y,No,3,1,80,8,3,3,7,7,7,7
1922,No,2,3,2,3,4,Y,No,3,3,80,12,3,3,4,2,0,3
1924,No,2,3,2,3,1,Y,No,3,2,80,10,2,2,10,4,0,9
1927,No,3,2,2,4,1,Y,Yes,3,3,80,7,2,3,7,7,0,7
1928,Yes,3,4,1,1,1,Y,No,3,4,80,1,3,3,1,0,0,0
1929,No,1,1,2,3,6,Y,No,3,3,80,10,1,3,3,2,1,2
1931,No,2,3,1,2,1,Y,No,3,3,80,6,3,2,5,3,1,2
1932,No,3,2,2,4,1,Y,Yes,3,2,80,16,3,3,15,10,6,11
1933,Yes,4,3,2,3,3,Y,Yes,3,4,80,6,0,3,2,0,2,2
1934,No,3,3,2,2,8,Y,No,3,3,80,16,4,4,8,7,1,7
1935,No,4,2,2,1,4,Y,No,3,3,80,6,3,3,0,0,0,0
1936,No,1,3,2,1,1,Y,No,4,4,80,10,3,3,10,0,7,9
1937,No,4,2,2,2,1,Y,Yes,3,3,80,20,3,3,20,11,0,7
1938,No,4,3,4,4,4,Y,Yes,3,3,80,29,2,2,1,0,0,0
1939,Yes,1,4,1,3,3,Y,Yes,3,1,80,8,2,3,4,1,0,3
1940,No,2,3,1,4,2,Y,No,3,4,80,10,0,4,5,2,0,3
1941,No,2,3,5,4,3,Y,No,3,4,80,28,3,3,5,4,4,3
1943,No,2,3,2,4,3,Y,Yes,3,3,80,14,4,3,0,0,0,0
1944,Yes,1,2,1,2,1,Y,No,3,1,80,1,2,3,1,0,0,0
1945,No,2,3,2,1,0,Y,No,3,4,80,6,2,1,5,3,0,4
1947,No,3,3,1,3,1,Y,No,3,3,80,5,3,2,5,3,1,4
1948,No,3,3,1,1,1,Y,Yes,3,4,80,4,3,4,4,2,2,3
1949,No,1,4,1,2,1,Y,No,4,2,80,5,3,3,5,4,0,2
1950,No,1,3,3,4,1,Y,No,4,1,80,14,3,2,14,8,2,1
1951,No,4,3,3,3,1,Y,No,3,3,80,9,2,2,8,7,1,1
1952,No,3,3,1,1,0,Y,No,3,4,80,8,6,2,7,7,7,6
1954,No,1,3,2,1,0,Y,No,3,1,80,6,5,2,5,3,0,2
1955,No,3,3,2,4,5,Y,No,3,2,80,9,6,3,5,1,1,2
1956,No,4,1,2,1,1,Y,No,4,2,80,10,6,3,10,8,8,7
1960,Yes,3,2,1,4,5,Y,No,3,1,80,6,2,2,4,1,0,3
1961,No,1,2,1,1,4,Y,No,3,1,80,20,3,2,1,0,0,0
1962,No,3,3,2,4,1,Y,Yes,3,4,80,10,2,3,10,8,0,9
1965,No,4,3,2,4,1,Y,No,3,1,80,7,5,3,7,7,0,7
1966,No,4,2,2,4,8,Y,No,4,2,80,8,1,3,1,0,0,0
1967,Yes,1,3,2,4,1,Y,Yes,3,3,80,10,4,3,10,7,0,8
1968,Yes,1,3,3,1,6,Y,Yes,3,2,80,15,2,2,2,2,2,2
1969,No,1,3,2,3,3,Y,No,3,3,80,9,6,2,4,3,2,3
1970,No,4,3,2,3,1,Y,No,4,3,80,9,2,3,9,7,2,8
1971,No,1,3,3,3,1,Y,No,3,2,80,10,1,3,10,9,0,9
1972,No,4,3,1,2,0,Y,Yes,3,2,80,7,2,3,6,2,1,2
1973,No,3,4,5,2,4,Y,Yes,3,1,80,35,0,3,10,9,1,4
1974,No,4,1,1,4,1,Y,Yes,3,3,80,1,4,3,1,0,0,0
1975,No,2,3,4,1,0,Y,No,3,1,80,21,3,3,20,8,11,10
1976,No,4,2,2,3,1,Y,No,3,4,80,20,2,3,20,9,3,7
1979,No,3,3,3,3,4,Y,No,4,3,80,13,2,4,11,7,4,8
1980,No,3,3,2,1,6,Y,Yes,3,4,80,9,3,3,5,2,1,4
1981,No,2,2,2,3,1,Y,No,3,2,80,4,2,2,4,3,1,2
1982,No,4,3,1,4,1,Y,No,3,3,80,5,6,4,5,2,1,4
1985,No,4,3,2,3,1,Y,No,3,1,80,10,2,4,10,9,9,4
1986,No,2,3,2,2,3,Y,No,3,3,80,15,4,3,11,8,5,10
1987,No,3,3,1,2,4,Y,No,3,3,80,6,3,3,2,0,1,2
1989,No,4,3,1,2,1,Y,No,3,3,80,12,6,2,12,8,1,7
1992,No,4,3,1,3,6,Y,Yes,3,3,80,7,2,2,2,2,0,2
1993,No,1,3,3,3,2,Y,No,4,2,80,25,3,3,17,14,12,11
1994,No,2,2,1,3,1,Y,No,3,3,80,1,2,2,1,1,0,0
1995,No,4,3,2,2,0,Y,No,3,1,80,16,3,3,15,13,5,8
1996,No,1,3,1,3,0,Y,No,3,3,80,3,1,3,2,2,1,2
1997,No,1,2,2,3,2,Y,No,3,4,80,10,1,3,8,3,7,7
1998,No,4,3,2,1,6,Y,Yes,3,3,80,9,3,2,4,3,1,2
1999,No,4,3,1,4,3,Y,No,4,1,80,12,3,3,5,3,1,0
2000,No,3,3,3,2,0,Y,No,3,1,80,14,3,1,13,8,5,12
2003,No,4,3,1,3,7,Y,Yes,3,3,80,5,3,3,2,2,2,2
2007,No,4,3,1,3,0,Y,No,3,4,80,4,2,4,3,2,1,2
2008,No,2,3,2,3,1,Y,No,3,2,80,10,5,3,10,7,0,8
2009,No,2,3,2,4,0,Y,Yes,3,1,80,10,6,3,9,7,8,1
2010,No,3,2,1,2,1,Y,No,3,3,80,6,3,3,6,2,4,1
2012,No,1,3,1,4,8,Y,No,3,3,80,8,3,2,1,0,0,0
2013,No,2,2,1,2,0,Y,No,3,2,80,3,2,3,2,2,2,2
2014,No,1,3,2,4,7,Y,No,3,1,80,18,2,3,7,7,1,7
2015,No,2,1,3,3,3,Y,No,3,1,80,20,3,3,18,16,1,11
2016,No,3,3,3,4,1,Y,No,3,3,80,14,3,3,14,10,5,7
2017,No,3,4,3,4,1,Y,Yes,4,1,80,16,2,3,16,11,6,8
2018,No,1,3,2,3,0,Y,Yes,4,2,80,6,3,2,5,3,0,4
2019,No,1,3,1,4,2,Y,No,3,2,80,16,3,2,9,8,0,0
2020,No,2,3,1,4,6,Y,Yes,3,3,80,6,2,3,4,3,1,2
2021,No,3,3,1,1,1,Y,Yes,3,4,80,2,6,3,2,2,1,2
2022,No,4,3,5,4,2,Y,No,3,3,80,21,3,2,6,0,1,3
2023,Yes,4,3,1,1,1,Y,No,3,1,80,1,3,2,1,0,1,0
2024,No,1,2,3,4,0,Y,No,3,3,80,10,2,3,9,7,3,4
2025,No,4,3,2,2,7,Y,No,3,2,80,18,3,3,4,2,0,2
2026,No,3,3,2,3,1,Y,No,4,1,80,13,2,2,13,12,1,9
2027,Yes,1,3,1,4,9,Y,Yes,3,2,80,4,3,4,2,2,2,2
2031,No,1,3,5,3,5,Y,No,3,1,80,24,2,2,22,6,4,14
2032,Yes,4,3,1,3,8,Y,No,3,4,80,14,4,1,10,9,9,8
2034,No,1,2,4,2,0,Y,No,4,3,80,21,3,3,20,7,0,10
2035,No,4,2,2,3,1,Y,No,4,4,80,8,2,3,8,7,1,7
2036,No,4,1,2,4,1,Y,No,4,1,80,15,4,2,15,12,11,11
2037,No,3,2,2,2,2,Y,No,3,3,80,14,5,3,5,4,0,4
2038,No,4,3,1,1,1,Y,No,3,4,80,4,4,3,4,2,1,2
2040,No,3,3,3,4,1,Y,Yes,3,3,80,9,2,3,9,0,1,7
2041,No,1,3,2,4,1,Y,No,3,3,80,10,1,3,10,7,1,9
2044,Yes,2,3,2,3,7,Y,No,3,4,80,12,3,3,6,3,0,1
2045,No,2,2,2,4,4,Y,No,3,1,80,8,2,2,6,3,0,0
2046,No,4,3,2,3,8,Y,No,3,3,80,8,3,3,5,3,0,1
2048,No,3,2,1,3,2,Y,No,3,4,80,8,2,3,2,2,2,2
2049,No,3,3,2,3,1,Y,Yes,3,4,80,10,2,4,10,2,0,2
2051,No,3,3,1,3,2,Y,No,3,2,80,20,2,3,5,3,0,2
2052,No,3,1,1,4,1,Y,No,3,4,80,4,5,3,4,3,1,1
2053,No,4,2,2,2,4,Y,Yes,3,1,80,10,2,3,4,3,0,3
2054,No,4,2,1,1,1,Y,No,3,2,80,5,3,1,5,4,0,4
2055,Yes,4,2,3,1,4,Y,Yes,3,2,80,20,3,3,3,2,2,0
2056,No,2,2,4,4,0,Y,No,3,1,80,21,2,2,20,9,9,6
2057,No,2,3,2,1,0,Y,No,3,2,80,10,2,3,9,4,1,7
2060,No,4,2,1,3,0,Y,No,3,4,80,5,2,3,4,2,0,0
2061,No,3,4,2,4,4,Y,No,3,3,80,17,3,3,5,2,0,3
2062,No,4,2,3,1,4,Y,No,3,1,80,9,5,3,7,7,1,7
2064,No,2,4,2,2,1,Y,Yes,4,2,80,6,0,3,6,2,0,3
2065,No,4,2,2,2,2,Y,No,3,4,80,17,3,2,9,6,0,8
2068,No,2,4,2,3,2,Y,No,3,1,80,6,3,4,4,3,1,2
